[19Jul2026 15:07:25.166] [main/INFO] [cpw.mods.modlauncher.Launcher/MODLAUNCHER]: ModLauncher running: args [--launchTarget, forgeserverdev, --gameDir, ., --fml.fmlVersion, 4.0.42, --fml.mcVersion, 1.21.1, --fml.neoForgeVersion, 21.1.234, --fml.neoFormVersion, 20240808.144430, --nogui]
[19Jul2026 15:07:25.169] [main/INFO] [cpw.mods.modlauncher.Launcher/MODLAUNCHER]: JVM identified as Oracle Corporation Java HotSpot(TM) 64-Bit Server VM 21.0.11+9-LTS-211
[19Jul2026 15:07:25.170] [main/INFO] [cpw.mods.modlauncher.Launcher/MODLAUNCHER]: ModLauncher 11.0.5+main.901c6ea8 starting: java version 21.0.11 by Oracle Corporation; OS Windows 11 arch amd64 version 10.0
[19Jul2026 15:07:25.184] [main/DEBUG] [cpw.mods.modlauncher.LaunchServiceHandler/MODLAUNCHER]: Found launch services [minecraft,forgeclient,forgedatauserdev,testharness,forgeserverdev,forgeserveruserdev,forgejunitdev,forgeclientdev,forgeclientuserdev,forgeserver,forgejunituserdev,forgedatadev]
[19Jul2026 15:07:25.196] [main/DEBUG] [cpw.mods.modlauncher.LaunchPluginHandler/MODLAUNCHER]: Found launch plugins: [mixin,slf4jfixer,runtime_enum_extender,accesstransformer,runtimedistcleaner]
[19Jul2026 15:07:25.201] [main/DEBUG] [cpw.mods.modlauncher.TransformationServicesHandler/MODLAUNCHER]: Discovering transformation services
[19Jul2026 15:07:25.203] [main/DEBUG] [net.neoforged.fml.loading.FMLPaths/CORE]: Path GAMEDIR is C:\Users\delta\Documents\github\Admin82-s-Factions\run
[19Jul2026 15:07:25.203] [main/DEBUG] [net.neoforged.fml.loading.FMLPaths/CORE]: Path MODSDIR is C:\Users\delta\Documents\github\Admin82-s-Factions\run\mods
[19Jul2026 15:07:25.204] [main/DEBUG] [net.neoforged.fml.loading.FMLPaths/CORE]: Path CONFIGDIR is C:\Users\delta\Documents\github\Admin82-s-Factions\run\config
[19Jul2026 15:07:25.204] [main/DEBUG] [net.neoforged.fml.loading.FMLPaths/CORE]: Path FMLCONFIG is C:\Users\delta\Documents\github\Admin82-s-Factions\run\config\fml.toml
[19Jul2026 15:07:25.228] [main/DEBUG] [net.neoforged.fml.loading.targets.CommonLaunchHandler/CORE]: Got mod coordinates adminsfactions%%C:\Users\delta\Documents\github\Admin82-s-Factions\build\classes\java\main;adminsfactions%%C:\Users\delta\Documents\github\Admin82-s-Factions\build\resources\main from env
[19Jul2026 15:07:25.230] [main/DEBUG] [net.neoforged.fml.loading.targets.CommonLaunchHandler/CORE]: Found supplied mod coordinates [{adminsfactions=[C:\Users\delta\Documents\github\Admin82-s-Factions\build\classes\java\main, C:\Users\delta\Documents\github\Admin82-s-Factions\build\resources\main]}]
[19Jul2026 15:07:25.231] [main/DEBUG] [cpw.mods.modlauncher.TransformationServicesHandler/MODLAUNCHER]: Found additional transformation services from discovery services: 
[19Jul2026 15:07:25.236] [main/INFO] [net.neoforged.fml.loading.ImmediateWindowHandler/]: ImmediateWindowProvider not loading because launch target is forgeserverdev
[19Jul2026 15:07:25.241] [main/DEBUG] [cpw.mods.modlauncher.TransformationServicesHandler/MODLAUNCHER]: Found transformer services : [mixin,fml]
[19Jul2026 15:07:25.241] [main/DEBUG] [cpw.mods.modlauncher.TransformationServicesHandler/MODLAUNCHER]: Transformation services loading
[19Jul2026 15:07:25.242] [main/DEBUG] [cpw.mods.modlauncher.TransformationServiceDecorator/MODLAUNCHER]: Loading service mixin
[19Jul2026 15:07:25.242] [main/DEBUG] [cpw.mods.modlauncher.TransformationServiceDecorator/MODLAUNCHER]: Loaded service mixin
[19Jul2026 15:07:25.242] [main/DEBUG] [cpw.mods.modlauncher.TransformationServiceDecorator/MODLAUNCHER]: Loading service fml
[19Jul2026 15:07:25.242] [main/DEBUG] [net.neoforged.fml.loading.FMLLoader/CORE]: FML 4.0.42 loading
[19Jul2026 15:07:25.242] [main/DEBUG] [net.neoforged.fml.loading.FMLLoader/CORE]: FML found ModLauncher version : 11.0.5+main.901c6ea8
[19Jul2026 15:07:25.242] [main/DEBUG] [net.neoforged.fml.loading.FMLLoader/CORE]: FML found AccessTransformer version : 10.0.1+139da711
[19Jul2026 15:07:25.244] [main/DEBUG] [net.neoforged.fml.loading.FMLLoader/CORE]: FML found EventBus version : null
[19Jul2026 15:07:25.244] [main/DEBUG] [net.neoforged.fml.loading.FMLLoader/CORE]: Found Runtime Dist Cleaner
[19Jul2026 15:07:25.244] [main/DEBUG] [cpw.mods.modlauncher.TransformationServiceDecorator/MODLAUNCHER]: Loaded service fml
[19Jul2026 15:07:25.245] [main/DEBUG] [cpw.mods.modlauncher.TransformationServicesHandler/MODLAUNCHER]: Configuring option handling for services
[19Jul2026 15:07:25.258] [main/DEBUG] [net.neoforged.fml.loading.FMLServiceProvider/CORE]: Received command line version data  : VersionInfo[neoForgeVersion=21.1.234, fmlVersion=4.0.42, mcVersion=1.21.1, neoFormVersion=20240808.144430]
[19Jul2026 15:07:25.258] [main/DEBUG] [cpw.mods.modlauncher.TransformationServicesHandler/MODLAUNCHER]: Transformation services initializing
[19Jul2026 15:07:25.258] [main/DEBUG] [cpw.mods.modlauncher.TransformationServiceDecorator/MODLAUNCHER]: Initializing transformation service mixin
[19Jul2026 15:07:25.265] [main/DEBUG] [mixin/]: MixinService [ModLauncher] was successfully booted in cpw.mods.cl.ModuleClassLoader@4b1c1ea0
[19Jul2026 15:07:25.273] [main/INFO] [mixin/]: SpongePowered MIXIN Subsystem Version=0.8.7 Source=union:/C:/Users/delta/.gradle/caches/modules-2/files-2.1/net.fabricmc/sponge-mixin/0.15.2+mixin.0.8.7/2af2f021d8e02a0220dc27a7a72b4666d66d44ca/sponge-mixin-0.15.2+mixin.0.8.7.jar%2394!/ Service=ModLauncher Env=SERVER
[19Jul2026 15:07:25.275] [main/DEBUG] [mixin/]: Initialising Mixin Platform Manager
[19Jul2026 15:07:25.275] [main/DEBUG] [mixin/]: Adding mixin platform agents for container ModLauncher Root Container(ModLauncher:4f56a0a2)
[19Jul2026 15:07:25.276] [main/DEBUG] [mixin/]: Instancing new MixinPlatformAgentMinecraftForge for ModLauncher Root Container(ModLauncher:4f56a0a2)
[19Jul2026 15:07:25.276] [main/DEBUG] [mixin/]: MixinPlatformAgentMinecraftForge rejected container ModLauncher Root Container(ModLauncher:4f56a0a2)
[19Jul2026 15:07:25.277] [main/DEBUG] [mixin/]: Instancing new MixinPlatformAgentDefault for ModLauncher Root Container(ModLauncher:4f56a0a2)
[19Jul2026 15:07:25.277] [main/DEBUG] [mixin/]: MixinPlatformAgentDefault accepted container ModLauncher Root Container(ModLauncher:4f56a0a2)
[19Jul2026 15:07:25.279] [main/DEBUG] [cpw.mods.modlauncher.TransformationServiceDecorator/MODLAUNCHER]: Initialized transformation service mixin
[19Jul2026 15:07:25.279] [main/DEBUG] [cpw.mods.modlauncher.TransformationServiceDecorator/MODLAUNCHER]: Initializing transformation service fml
[19Jul2026 15:07:25.279] [main/DEBUG] [net.neoforged.fml.loading.FMLServiceProvider/CORE]: Setting up basic FML game directories
[19Jul2026 15:07:25.279] [main/DEBUG] [net.neoforged.fml.loading.FMLPaths/CORE]: Path GAMEDIR is C:\Users\delta\Documents\github\Admin82-s-Factions\run
[19Jul2026 15:07:25.279] [main/DEBUG] [net.neoforged.fml.loading.FMLPaths/CORE]: Path MODSDIR is C:\Users\delta\Documents\github\Admin82-s-Factions\run\mods
[19Jul2026 15:07:25.280] [main/DEBUG] [net.neoforged.fml.loading.FMLPaths/CORE]: Path CONFIGDIR is C:\Users\delta\Documents\github\Admin82-s-Factions\run\config
[19Jul2026 15:07:25.280] [main/DEBUG] [net.neoforged.fml.loading.FMLPaths/CORE]: Path FMLCONFIG is C:\Users\delta\Documents\github\Admin82-s-Factions\run\config\fml.toml
[19Jul2026 15:07:25.280] [main/DEBUG] [net.neoforged.fml.loading.FMLServiceProvider/CORE]: Loading configuration
[19Jul2026 15:07:25.283] [main/DEBUG] [net.neoforged.fml.loading.FMLServiceProvider/CORE]: Preparing launch handler
[19Jul2026 15:07:25.283] [main/DEBUG] [net.neoforged.fml.loading.FMLLoader/CORE]: Using forgeserverdev as launch service
[19Jul2026 15:07:25.284] [main/DEBUG] [cpw.mods.modlauncher.TransformationServiceDecorator/MODLAUNCHER]: Initialized transformation service fml
[19Jul2026 15:07:25.285] [main/DEBUG] [cpw.mods.modlauncher.TransformationServicesHandler/MODLAUNCHER]: Transformation services begin scanning
[19Jul2026 15:07:25.285] [main/DEBUG] [cpw.mods.modlauncher.TransformationServiceDecorator/MODLAUNCHER]: Beginning scan trigger - transformation service mixin
[19Jul2026 15:07:25.285] [main/DEBUG] [cpw.mods.modlauncher.TransformationServiceDecorator/MODLAUNCHER]: End scan trigger - transformation service mixin
[19Jul2026 15:07:25.285] [main/DEBUG] [cpw.mods.modlauncher.TransformationServiceDecorator/MODLAUNCHER]: Beginning scan trigger - transformation service fml
[19Jul2026 15:07:25.285] [main/DEBUG] [net.neoforged.fml.loading.FMLServiceProvider/CORE]: Initiating mod scan
[19Jul2026 15:07:25.286] [main/DEBUG] [net.neoforged.fml.loading.targets.CommonLaunchHandler/CORE]: Got mod coordinates adminsfactions%%C:\Users\delta\Documents\github\Admin82-s-Factions\build\classes\java\main;adminsfactions%%C:\Users\delta\Documents\github\Admin82-s-Factions\build\resources\main from env
[19Jul2026 15:07:25.286] [main/DEBUG] [net.neoforged.fml.loading.targets.CommonLaunchHandler/CORE]: Found supplied mod coordinates [{adminsfactions=[C:\Users\delta\Documents\github\Admin82-s-Factions\build\classes\java\main, C:\Users\delta\Documents\github\Admin82-s-Factions\build\resources\main]}]
[19Jul2026 15:07:25.287] [main/DEBUG] [net.neoforged.fml.loading.targets.CommonDevLaunchHandler/]: Launching with NeoForge from C:\Users\delta\Documents\github\Admin82-s-Factions\build\moddev\artifacts\neoforge-21.1.234.jar
[19Jul2026 15:07:25.294] [main/DEBUG] [net.neoforged.fml.util.ServiceLoaderUtil/CORE]: Found 4 implementations of IModFileCandidateLocator:
[19Jul2026 15:07:25.295] [main/DEBUG] [net.neoforged.fml.util.ServiceLoaderUtil/CORE]: 	       0 - [built-in] net.neoforged.fml.loading.moddiscovery.locators.NeoForgeDevProvider from loader-4.0.42.jar
[19Jul2026 15:07:25.295] [main/DEBUG] [net.neoforged.fml.util.ServiceLoaderUtil/CORE]: 	       0 - net.neoforged.fml.loading.moddiscovery.locators.ModsFolderLocator from loader-4.0.42.jar
[19Jul2026 15:07:25.295] [main/DEBUG] [net.neoforged.fml.util.ServiceLoaderUtil/CORE]: 	       0 - net.neoforged.fml.loading.moddiscovery.locators.MavenDirectoryLocator from loader-4.0.42.jar
[19Jul2026 15:07:25.296] [main/DEBUG] [net.neoforged.fml.util.ServiceLoaderUtil/CORE]: 	   -1000 - [built-in] net.neoforged.fml.loading.moddiscovery.locators.UserdevLocator from loader-4.0.42.jar
[19Jul2026 15:07:25.296] [main/DEBUG] [net.neoforged.fml.util.ServiceLoaderUtil/CORE]: Found 2 implementations of IModFileReader:
[19Jul2026 15:07:25.296] [main/DEBUG] [net.neoforged.fml.util.ServiceLoaderUtil/CORE]: 	       0 - net.neoforged.fml.loading.moddiscovery.readers.JarModsDotTomlModFileReader from loader-4.0.42.jar
[19Jul2026 15:07:25.297] [main/DEBUG] [net.neoforged.fml.util.ServiceLoaderUtil/CORE]: 	   -1000 - net.neoforged.fml.loading.moddiscovery.readers.NestedLibraryModReader from loader-4.0.42.jar
[19Jul2026 15:07:25.297] [main/DEBUG] [net.neoforged.fml.util.ServiceLoaderUtil/CORE]: Found 1 implementations of IDependencyLocator:
[19Jul2026 15:07:25.298] [main/DEBUG] [net.neoforged.fml.util.ServiceLoaderUtil/CORE]: 	       0 - net.neoforged.fml.loading.moddiscovery.locators.JarInJarDependencyLocator from loader-4.0.42.jar
[19Jul2026 15:07:25.326] [main/DEBUG] [net.neoforged.fml.loading.moddiscovery.ModFileInfo/LOADING]: Found valid mod file neoforge-21.1.234.jar with {minecraft} mods - versions {1.21.1}
[19Jul2026 15:07:25.330] [main/DEBUG] [net.neoforged.fml.loading.moddiscovery.ModFileParser/LOADING]: Considering mod file candidate C:\Users\delta\Documents\github\Admin82-s-Factions\build\moddev\artifacts\neoforge-21.1.234.jar
[19Jul2026 15:07:25.339] [main/DEBUG] [net.neoforged.fml.loading.moddiscovery.ModFileInfo/LOADING]: Found valid mod file neoforge-21.1.234.jar with {neoforge} mods - versions {21.1.234}
[19Jul2026 15:07:25.341] [main/DEBUG] [net.neoforged.fml.loading.moddiscovery.ModListHandler/CORE]: Found mod coordinates from lists: []
[19Jul2026 15:07:25.343] [main/DEBUG] [net.neoforged.fml.loading.moddiscovery.ModFileParser/LOADING]: Considering mod file candidate C:\Users\delta\Documents\github\Admin82-s-Factions\build\classes\java\main
[19Jul2026 15:07:25.350] [main/DEBUG] [net.neoforged.fml.loading.moddiscovery.ModFileInfo/LOADING]: Found valid mod file main with {adminsfactions} mods - versions {1.0.0}
[19Jul2026 15:07:25.358] [main/DEBUG] [net.neoforged.fml.loading.moddiscovery.ModFileParser/LOADING]: Considering mod file candidate C:\Users\delta\Documents\github\Admin82-s-Factions\build\moddev\artifacts\neoforge-21.1.234.jar
[19Jul2026 15:07:25.359] [main/DEBUG] [net.neoforged.fml.loading.moddiscovery.ModFileInfo/LOADING]: Found valid mod file neoforge-21.1.234.jar with {neoforge} mods - versions {21.1.234}
[19Jul2026 15:07:25.361] [main/DEBUG] [net.neoforged.fml.loading.moddiscovery.ModFileParser/LOADING]: Considering mod file candidate C:\Users\delta\.gradle\caches\modules-2\files-2.1\com.lowdragmc.ldlib2\ldlib2-neoforge-1.21.1\2.2.26\c4d8c49d17d6482d5986154f84a52de3f3f7d6d2\ldlib2-neoforge-1.21.1-2.2.26-all.jar
[19Jul2026 15:07:25.362] [main/DEBUG] [net.neoforged.fml.loading.moddiscovery.ModFileInfo/LOADING]: Found valid mod file ldlib2-neoforge-1.21.1-2.2.26-all.jar with {ldlib2} mods - versions {2.2.26}
[19Jul2026 15:07:25.379] [main/DEBUG] [net.neoforged.fml.loading.moddiscovery.ModDiscoverer/]: Skipping C:\Users\delta\.gradle\caches\modules-2\files-2.1\net.neoforged.fancymodloader\earlydisplay\4.0.42\46555dbfff14e9e052f1f693aed14d542a74e111\earlydisplay-4.0.42.jar because it was already located earlier
[19Jul2026 15:07:25.380] [main/DEBUG] [net.neoforged.fml.loading.moddiscovery.ModDiscoverer/]: Skipping C:\Users\delta\.gradle\caches\modules-2\files-2.1\net.neoforged.fancymodloader\loader\4.0.42\76e15f98bf676fb44b36c5e776f52a55581ec43a\loader-4.0.42.jar because it was already located earlier
[19Jul2026 15:07:25.380] [main/DEBUG] [net.neoforged.fml.loading.moddiscovery.ModDiscoverer/]: Skipping C:\Users\delta\.gradle\caches\modules-2\files-2.1\net.neoforged.accesstransformers\at-modlauncher\10.0.1\5aba50202aceead086bc09fbc2751c9f05cb4890\at-modlauncher-10.0.1.jar because it was already located earlier
[19Jul2026 15:07:25.380] [main/DEBUG] [net.neoforged.fml.loading.moddiscovery.ModDiscoverer/]: Skipping C:\Users\delta\.gradle\caches\modules-2\files-2.1\net.neoforged\accesstransformers\10.0.1\fd83b5725f76eae9115e9355fa1c456a6a441400\accesstransformers-10.0.1.jar because it was already located earlier
[19Jul2026 15:07:25.380] [main/DEBUG] [net.neoforged.fml.loading.moddiscovery.ModDiscoverer/]: Skipping C:\Users\delta\.gradle\caches\modules-2\files-2.1\net.neoforged\bus\8.0.5\5b2d33285ab5d1554e9798ad98c40d6ea3868bd5\bus-8.0.5.jar because it was already located earlier
[19Jul2026 15:07:25.380] [main/DEBUG] [net.neoforged.fml.loading.moddiscovery.ModDiscoverer/]: Skipping C:\Users\delta\.gradle\caches\modules-2\files-2.1\net.neoforged\coremods\7.0.3\9147e6f638b4272b3bd5fc8f92ad37802512c6c\coremods-7.0.3.jar because it was already located earlier
[19Jul2026 15:07:25.380] [main/DEBUG] [net.neoforged.fml.loading.moddiscovery.ModDiscoverer/]: Skipping C:\Users\delta\.gradle\caches\modules-2\files-2.1\cpw.mods\modlauncher\11.0.5\b8f0d49294f733fdb6173931b263553e943dc950\modlauncher-11.0.5.jar because it was already located earlier
[19Jul2026 15:07:25.380] [main/DEBUG] [net.neoforged.fml.loading.moddiscovery.ModDiscoverer/]: Skipping C:\Users\delta\.gradle\caches\modules-2\files-2.1\net.neoforged\mergetool\2.0.0\52fe1949be64e3303aabaaa21e315f551db9c9f4\mergetool-2.0.0-api.jar because it was already located earlier
[19Jul2026 15:07:25.380] [main/DEBUG] [net.neoforged.fml.loading.moddiscovery.ModDiscoverer/]: Skipping C:\Users\delta\.gradle\caches\modules-2\files-2.1\com.electronwill.night-config\toml\3.8.3\90b2fd6efcb4a7d5b9810cf78f9d824994d717f2\toml-3.8.3.jar because it was already located earlier
[19Jul2026 15:07:25.380] [main/DEBUG] [net.neoforged.fml.loading.moddiscovery.ModDiscoverer/]: Skipping C:\Users\delta\.gradle\caches\modules-2\files-2.1\com.electronwill.night-config\core\3.8.3\b442a95f09e349927f5a945ecb594455870fcf4f\core-3.8.3.jar because it was already located earlier
[19Jul2026 15:07:25.380] [main/DEBUG] [net.neoforged.fml.loading.moddiscovery.ModDiscoverer/]: Skipping C:\Users\delta\.gradle\caches\modules-2\files-2.1\net.neoforged\JarJarSelector\0.4.1\fb3cc7a58af22ad2880adb98af6d518128c47dae\JarJarSelector-0.4.1.jar because it was already located earlier
[19Jul2026 15:07:25.380] [main/DEBUG] [net.neoforged.fml.loading.moddiscovery.ModDiscoverer/]: Skipping C:\Users\delta\.gradle\caches\modules-2\files-2.1\net.neoforged\JarJarMetadata\0.4.1\f8da03683dc81694556dc3e177c5e3bb77ae6fcb\JarJarMetadata-0.4.1.jar because it was already located earlier
[19Jul2026 15:07:25.381] [main/DEBUG] [net.neoforged.fml.loading.moddiscovery.ModDiscoverer/]: Skipping C:\Users\delta\.gradle\caches\modules-2\files-2.1\org.apache.maven\maven-artifact\3.8.5\4433f50c07debefaed0553bd0068f4f48d449313\maven-artifact-3.8.5.jar because it was already located earlier
[19Jul2026 15:07:25.381] [main/DEBUG] [net.neoforged.fml.loading.moddiscovery.ModDiscoverer/]: Skipping C:\Users\delta\.gradle\caches\modules-2\files-2.1\net.jodah\typetools\0.6.3\a01aaa6ddaea9ec07ec4f209487b7a46a526283a\typetools-0.6.3.jar because it was already located earlier
[19Jul2026 15:07:25.381] [main/DEBUG] [net.neoforged.fml.loading.moddiscovery.ModDiscoverer/]: Skipping C:\Users\delta\.gradle\caches\modules-2\files-2.1\net.minecrell\terminalconsoleappender\1.3.0\b562e9bb61235c9520e26282cdee71f8f802d1fc\terminalconsoleappender-1.3.0.jar because it was already located earlier
[19Jul2026 15:07:25.381] [main/DEBUG] [net.neoforged.fml.loading.moddiscovery.ModDiscoverer/]: Skipping C:\Users\delta\.gradle\caches\modules-2\files-2.1\net.fabricmc\sponge-mixin\0.15.2+mixin.0.8.7\2af2f021d8e02a0220dc27a7a72b4666d66d44ca\sponge-mixin-0.15.2+mixin.0.8.7.jar because it was already located earlier
[19Jul2026 15:07:25.381] [main/DEBUG] [net.neoforged.fml.loading.moddiscovery.ModDiscoverer/]: Skipping C:\Users\delta\.gradle\caches\modules-2\files-2.1\org.openjdk.nashorn\nashorn-core\15.4\f67f5ffaa5f5130cf6fb9b133da00c7df3b532a5\nashorn-core-15.4.jar because it was already located earlier
[19Jul2026 15:07:25.381] [main/DEBUG] [net.neoforged.fml.loading.moddiscovery.ModDiscoverer/]: Skipping C:\Users\delta\.gradle\caches\modules-2\files-2.1\org.apache.commons\commons-lang3\3.14.0\1ed471194b02f2c6cb734a0cd6f6f107c673afae\commons-lang3-3.14.0.jar because it was already located earlier
[19Jul2026 15:07:25.381] [main/DEBUG] [net.neoforged.fml.loading.moddiscovery.ModDiscoverer/]: Skipping C:\Users\delta\.gradle\caches\modules-2\files-2.1\it.unimi.dsi\fastutil\8.5.12\c24946d46824bd528054bface3231d2ecb7e95e8\fastutil-8.5.12.jar because it was already located earlier
[19Jul2026 15:07:25.381] [main/DEBUG] [net.neoforged.fml.loading.moddiscovery.ModDiscoverer/]: Skipping C:\Users\delta\.gradle\caches\modules-2\files-2.1\net.sf.jopt-simple\jopt-simple\5.0.4\4fdac2fbe92dfad86aa6e9301736f6b4342a3f5c\jopt-simple-5.0.4.jar because it was already located earlier
[19Jul2026 15:07:25.382] [main/DEBUG] [net.neoforged.fml.loading.moddiscovery.ModDiscoverer/]: Skipping C:\Users\delta\.gradle\caches\modules-2\files-2.1\commons-io\commons-io\2.15.1\f11560da189ab563a5c8e351941415430e9304ea\commons-io-2.15.1.jar because it was already located earlier
[19Jul2026 15:07:25.382] [main/DEBUG] [net.neoforged.fml.loading.moddiscovery.ModDiscoverer/]: Skipping C:\Users\delta\.gradle\caches\modules-2\files-2.1\com.mojang\logging\1.2.7\24cb95ffb0e3433fd6e844c04e68009e504ca1c0\logging-1.2.7.jar because it was already located earlier
[19Jul2026 15:07:25.382] [main/DEBUG] [net.neoforged.fml.loading.moddiscovery.ModDiscoverer/]: Skipping C:\Users\delta\.gradle\caches\modules-2\files-2.1\org.apache.logging.log4j\log4j-slf4j2-impl\2.22.1\d7e6693c2606cb7e7335047d7bb96dec52db5665\log4j-slf4j2-impl-2.22.1.jar because it was already located earlier
[19Jul2026 15:07:25.382] [main/DEBUG] [net.neoforged.fml.loading.moddiscovery.ModDiscoverer/]: Skipping C:\Users\delta\.gradle\caches\modules-2\files-2.1\org.apache.logging.log4j\log4j-core\2.22.1\7183a25510a02ad00cc6a95d3b3d2a7d3c5a8dc4\log4j-core-2.22.1.jar because it was already located earlier
[19Jul2026 15:07:25.382] [main/DEBUG] [net.neoforged.fml.loading.moddiscovery.ModDiscoverer/]: Skipping C:\Users\delta\.gradle\caches\modules-2\files-2.1\org.apache.logging.log4j\log4j-api\2.22.1\bea6fede6328fabafd7e68363161a7ea6605abd1\log4j-api-2.22.1.jar because it was already located earlier
[19Jul2026 15:07:25.382] [main/DEBUG] [net.neoforged.fml.loading.moddiscovery.ModDiscoverer/]: Skipping C:\Users\delta\.gradle\caches\modules-2\files-2.1\com.google.guava\guava\32.1.2-jre\5e64ec7e056456bef3a4bc4c6fdaef71e8ab6318\guava-32.1.2-jre.jar because it was already located earlier
[19Jul2026 15:07:25.383] [main/DEBUG] [net.neoforged.fml.loading.moddiscovery.ModDiscoverer/]: Skipping C:\Users\delta\.gradle\caches\modules-2\files-2.1\com.google.code.gson\gson\2.10.1\b3add478d4382b78ea20b1671390a858002feb6c\gson-2.10.1.jar because it was already located earlier
[19Jul2026 15:07:25.383] [main/DEBUG] [net.neoforged.fml.loading.moddiscovery.ModDiscoverer/]: Skipping C:\Users\delta\.gradle\caches\modules-2\files-2.1\org.slf4j\slf4j-api\2.0.9\7cf2726fdcfbc8610f9a71fb3ed639871f315340\slf4j-api-2.0.9.jar because it was already located earlier
[19Jul2026 15:07:25.383] [main/DEBUG] [net.neoforged.fml.loading.moddiscovery.ModDiscoverer/]: Skipping C:\Users\delta\.gradle\caches\modules-2\files-2.1\org.antlr\antlr4-runtime\4.13.1\17125bae1d965624e265ef49552f6465a2bfa307\antlr4-runtime-4.13.1.jar because it was already located earlier
[19Jul2026 15:07:25.383] [main/DEBUG] [net.neoforged.fml.loading.moddiscovery.ModDiscoverer/]: Skipping C:\Users\delta\.gradle\caches\modules-2\files-2.1\net.minecraftforge\srgutils\0.4.15\ca408b131759478f164e010fae0d73997e125fb5\srgutils-0.4.15.jar because it was already located earlier
[19Jul2026 15:07:25.383] [main/DEBUG] [net.neoforged.fml.loading.moddiscovery.ModDiscoverer/]: Skipping C:\Users\delta\.gradle\caches\modules-2\files-2.1\org.codehaus.plexus\plexus-utils\3.3.0\cf43b5391de623b36fe066a21127baef82c64022\plexus-utils-3.3.0.jar because it was already located earlier
[19Jul2026 15:07:25.383] [main/DEBUG] [net.neoforged.fml.loading.moddiscovery.ModDiscoverer/]: Skipping C:\Users\delta\.gradle\caches\modules-2\files-2.1\org.jline\jline-reader\3.20.0\8f15415b022a25b473e8e16c28ae913186ffb9c4\jline-reader-3.20.0.jar because it was already located earlier
[19Jul2026 15:07:25.384] [main/DEBUG] [net.neoforged.fml.loading.moddiscovery.ModDiscoverer/]: Skipping C:\Users\delta\.gradle\caches\modules-2\files-2.1\com.machinezoo.noexception\noexception\1.7.1\b65330c98e38a1f915fa54a6e5eca496505e3f0a\noexception-1.7.1.jar because it was already located earlier
[19Jul2026 15:07:25.384] [main/DEBUG] [net.neoforged.fml.loading.moddiscovery.ModDiscoverer/]: Skipping C:\Users\delta\.gradle\caches\modules-2\files-2.1\com.github.oshi\oshi-core\6.4.10\b1d8ab82d11d92fd639b56d639f8f46f739dd5fa\oshi-core-6.4.10.jar because it was already located earlier
[19Jul2026 15:07:25.384] [main/DEBUG] [net.neoforged.fml.loading.moddiscovery.ModDiscoverer/]: Skipping C:\Users\delta\.gradle\caches\modules-2\files-2.1\com.google.guava\failureaccess\1.0.1\1dcf1de382a0bf95a3d8b0849546c88bac1292c9\failureaccess-1.0.1.jar because it was already located earlier
[19Jul2026 15:07:25.387] [main/DEBUG] [net.neoforged.fml.loading.moddiscovery.ModDiscoverer/]: Skipping C:\Users\delta\.gradle\caches\modules-2\files-2.1\com.mojang\authlib\6.0.54\de8bc95660e1b2fe8793fd427a7a10dcec5b3ea7\authlib-6.0.54.jar because it was already located earlier
[19Jul2026 15:07:25.389] [main/DEBUG] [net.neoforged.fml.loading.moddiscovery.ModDiscoverer/]: Skipping C:\Users\delta\.gradle\caches\modules-2\files-2.1\com.mojang\brigadier\1.3.10\d15b53a14cf20fdcaa98f731af5dda654452c010\brigadier-1.3.10.jar because it was already located earlier
[19Jul2026 15:07:25.389] [main/DEBUG] [net.neoforged.fml.loading.moddiscovery.ModDiscoverer/]: Skipping C:\Users\delta\.gradle\caches\modules-2\files-2.1\com.mojang\datafixerupper\8.0.16\67d4de6d7f95d89bcf5862995fb854ebaec02a34\datafixerupper-8.0.16.jar because it was already located earlier
[19Jul2026 15:07:25.396] [main/DEBUG] [net.neoforged.fml.loading.moddiscovery.ModDiscoverer/]: Skipping C:\Users\delta\.gradle\caches\modules-2\files-2.1\io.netty\netty-buffer\4.1.97.Final\f8f3d8644afa5e6e1a40a3a6aeb9d9aa970ecb4f\netty-buffer-4.1.97.Final.jar because it was already located earlier
[19Jul2026 15:07:25.396] [main/DEBUG] [net.neoforged.fml.loading.moddiscovery.ModDiscoverer/]: Skipping C:\Users\delta\.gradle\caches\modules-2\files-2.1\io.netty\netty-codec\4.1.97.Final\384ba4d75670befbedb45c4d3b497a93639c206d\netty-codec-4.1.97.Final.jar because it was already located earlier
[19Jul2026 15:07:25.396] [main/DEBUG] [net.neoforged.fml.loading.moddiscovery.ModDiscoverer/]: Skipping C:\Users\delta\.gradle\caches\modules-2\files-2.1\io.netty\netty-common\4.1.97.Final\7cceacaf11df8dc63f23d0fb58e9d4640fc88404\netty-common-4.1.97.Final.jar because it was already located earlier
[19Jul2026 15:07:25.396] [main/DEBUG] [net.neoforged.fml.loading.moddiscovery.ModDiscoverer/]: Skipping C:\Users\delta\.gradle\caches\modules-2\files-2.1\io.netty\netty-handler\4.1.97.Final\abb86c6906bf512bf2b797a41cd7d2e8d3cd7c36\netty-handler-4.1.97.Final.jar because it was already located earlier
[19Jul2026 15:07:25.396] [main/DEBUG] [net.neoforged.fml.loading.moddiscovery.ModDiscoverer/]: Skipping C:\Users\delta\.gradle\caches\modules-2\files-2.1\io.netty\netty-resolver\4.1.97.Final\cec8348108dc76c47cf87c669d514be52c922144\netty-resolver-4.1.97.Final.jar because it was already located earlier
[19Jul2026 15:07:25.396] [main/DEBUG] [net.neoforged.fml.loading.moddiscovery.ModDiscoverer/]: Skipping C:\Users\delta\.gradle\caches\modules-2\files-2.1\io.netty\netty-transport-classes-epoll\4.1.97.Final\795da37ded759e862457a82d9d92c4d39ce8ecee\netty-transport-classes-epoll-4.1.97.Final.jar because it was already located earlier
[19Jul2026 15:07:25.396] [main/DEBUG] [net.neoforged.fml.loading.moddiscovery.ModDiscoverer/]: Skipping C:\Users\delta\.gradle\caches\modules-2\files-2.1\io.netty\netty-transport-native-unix-common\4.1.97.Final\d469d84265ab70095b01b40886cabdd433b6e664\netty-transport-native-unix-common-4.1.97.Final.jar because it was already located earlier
[19Jul2026 15:07:25.396] [main/DEBUG] [net.neoforged.fml.loading.moddiscovery.ModDiscoverer/]: Skipping C:\Users\delta\.gradle\caches\modules-2\files-2.1\io.netty\netty-transport\4.1.97.Final\f37380d23c9bb079bc702910833b2fd532c9abd0\netty-transport-4.1.97.Final.jar because it was already located earlier
[19Jul2026 15:07:25.397] [main/DEBUG] [net.neoforged.fml.loading.moddiscovery.ModDiscoverer/]: Skipping C:\Users\delta\.gradle\caches\modules-2\files-2.1\net.java.dev.jna\jna-platform\5.14.0\28934d48aed814f11e4c584da55c49fa7032b31b\jna-platform-5.14.0.jar because it was already located earlier
[19Jul2026 15:07:25.397] [main/DEBUG] [net.neoforged.fml.loading.moddiscovery.ModDiscoverer/]: Skipping C:\Users\delta\.gradle\caches\modules-2\files-2.1\net.java.dev.jna\jna\5.14.0\67bf3eaea4f0718cb376a181a629e5f88fa1c9dd\jna-5.14.0.jar because it was already located earlier
[19Jul2026 15:07:25.404] [main/DEBUG] [net.neoforged.fml.loading.moddiscovery.ModDiscoverer/]: Skipping C:\Users\delta\.gradle\caches\modules-2\files-2.1\org.joml\joml\1.10.5\22566d58af70ad3d72308bab63b8339906deb649\joml-1.10.5.jar because it was already located earlier
[19Jul2026 15:07:25.451] [main/DEBUG] [net.neoforged.fml.loading.moddiscovery.ModDiscoverer/]: Skipping C:\Users\delta\.gradle\caches\modules-2\files-2.1\org.lz4\lz4-java\1.8.0\4b986a99445e49ea5fbf5d149c4b63f6ed6c6780\lz4-java-1.8.0.jar because it was already located earlier
[19Jul2026 15:07:25.451] [main/DEBUG] [net.neoforged.fml.loading.moddiscovery.ModDiscoverer/]: Skipping C:\Users\delta\.gradle\caches\modules-2\files-2.1\org.jline\jline-terminal\3.20.0\d0ddcc708ddf527a3454c941b7b9225cc83a15ff\jline-terminal-3.20.0.jar because it was already located earlier
[19Jul2026 15:07:25.452] [main/DEBUG] [net.neoforged.fml.loading.moddiscovery.ModDiscoverer/]: Skipping C:\Users\delta\.gradle\caches\modules-2\files-2.1\com.google.guava\listenablefuture\9999.0-empty-to-avoid-conflict-with-guava\b421526c5f297295adef1c886e5246c39d4ac629\listenablefuture-9999.0-empty-to-avoid-conflict-with-guava.jar because it was already located earlier
[19Jul2026 15:07:25.452] [main/DEBUG] [net.neoforged.fml.loading.moddiscovery.ModDiscoverer/]: Skipping C:\Users\delta\.gradle\caches\modules-2\files-2.1\com.google.code.findbugs\jsr305\3.0.2\25ea2e8b0c338a877313bd4672d3fe056ea78f0d\jsr305-3.0.2.jar because it was already located earlier
[19Jul2026 15:07:25.452] [main/DEBUG] [net.neoforged.fml.loading.moddiscovery.ModDiscoverer/]: Skipping C:\Users\delta\.gradle\caches\modules-2\files-2.1\org.checkerframework\checker-qual\3.33.0\de2b60b62da487644fc11f734e73c8b0b431238f\checker-qual-3.33.0.jar because it was already located earlier
[19Jul2026 15:07:25.452] [main/DEBUG] [net.neoforged.fml.loading.moddiscovery.ModDiscoverer/]: Skipping C:\Users\delta\.gradle\caches\modules-2\files-2.1\com.google.errorprone\error_prone_annotations\2.18.0\89b684257096f548fa39a7df9fdaa409d4d4df91\error_prone_annotations-2.18.0.jar because it was already located earlier
[19Jul2026 15:07:25.453] [main/DEBUG] [net.neoforged.fml.loading.moddiscovery.ModDiscoverer/]: Skipping C:\Users\delta\.gradle\caches\modules-2\files-2.1\com.google.j2objc\j2objc-annotations\2.8\c85270e307e7b822f1086b93689124b89768e273\j2objc-annotations-2.8.jar because it was already located earlier
[19Jul2026 15:07:25.457] [main/DEBUG] [net.neoforged.fml.loading.UniqueModListBuilder/]: Found 2 mods for first modid neoforge, selecting most recent based on version data
[19Jul2026 15:07:25.458] [main/DEBUG] [net.neoforged.fml.loading.UniqueModListBuilder/]: Selected file neoforge-21.1.234.jar for modid neoforge with version 21.1.234
[19Jul2026 15:07:25.660] [main/INFO] [net.neoforged.fml.loading.moddiscovery.locators.JarInJarDependencyLocator/]: Found 5 dependencies adding them to mods collection
[19Jul2026 15:07:25.662] [main/INFO] [net.neoforged.fml.loading.moddiscovery.ModDiscoverer/]: 
     Mod List:
		Name Version (Mod Id)

		Admin's_Factions 1.0.0 (adminsfactions)
		LowDragLib2 2.2.26 (ldlib2)
		Minecraft 1.21.1 (minecraft)
		NeoForge 21.1.234 (neoforge)
[19Jul2026 15:07:25.664] [main/DEBUG] [net.neoforged.fml.loading.moddiscovery.ModFileInfo/LOADING]: Found valid mod file neoforge-21.1.234.jar with {minecraft} mods - versions {1.21.1}
[19Jul2026 15:07:25.666] [main/DEBUG] [net.neoforged.fml.loading.moddiscovery.ModFile/LOADING]: Loading mod file C:\Users\delta\Documents\github\Admin82-s-Factions\build\moddev\artifacts\neoforge-21.1.234.jar with languages [LanguageSpec[languageName=minecraft, acceptedVersions=1]]
[19Jul2026 15:07:25.667] [main/DEBUG] [net.neoforged.fml.loading.moddiscovery.ModFileParser/LOADING]: Considering mod file candidate C:\Users\delta\Documents\github\Admin82-s-Factions\build\classes\java\main
[19Jul2026 15:07:25.669] [main/DEBUG] [net.neoforged.fml.loading.moddiscovery.ModFileInfo/LOADING]: Found valid mod file main with {adminsfactions} mods - versions {1.0.0}
[19Jul2026 15:07:25.669] [main/DEBUG] [net.neoforged.fml.loading.moddiscovery.ModFile/LOADING]: Loading mod file C:\Users\delta\Documents\github\Admin82-s-Factions\build\classes\java\main with languages [LanguageSpec[languageName=javafml, acceptedVersions=[1,)]]
[19Jul2026 15:07:25.670] [main/DEBUG] [net.neoforged.fml.loading.moddiscovery.ModFile/LOADING]: Found mixin config MixinConfig[config=adminsfactions.mixins.json, requiredMods=[]]
[19Jul2026 15:07:25.670] [main/DEBUG] [net.neoforged.fml.loading.moddiscovery.ModFileParser/LOADING]: Considering mod file candidate C:\Users\delta\.gradle\caches\modules-2\files-2.1\com.lowdragmc.ldlib2\ldlib2-neoforge-1.21.1\2.2.26\c4d8c49d17d6482d5986154f84a52de3f3f7d6d2\ldlib2-neoforge-1.21.1-2.2.26-all.jar
[19Jul2026 15:07:25.672] [main/DEBUG] [net.neoforged.fml.loading.moddiscovery.ModFileInfo/LOADING]: Found valid mod file ldlib2-neoforge-1.21.1-2.2.26-all.jar with {ldlib2} mods - versions {2.2.26}
[19Jul2026 15:07:25.672] [main/DEBUG] [net.neoforged.fml.loading.moddiscovery.ModFile/LOADING]: Loading mod file C:\Users\delta\.gradle\caches\modules-2\files-2.1\com.lowdragmc.ldlib2\ldlib2-neoforge-1.21.1\2.2.26\c4d8c49d17d6482d5986154f84a52de3f3f7d6d2\ldlib2-neoforge-1.21.1-2.2.26-all.jar with languages [LanguageSpec[languageName=javafml, acceptedVersions=[2,)]]
[19Jul2026 15:07:25.672] [main/DEBUG] [net.neoforged.fml.loading.moddiscovery.ModFile/LOADING]: Found mixin config MixinConfig[config=ldlib2.mixins.json, requiredMods=[]]
[19Jul2026 15:07:25.673] [main/DEBUG] [net.neoforged.fml.loading.moddiscovery.ModFileParser/LOADING]: Considering mod file candidate C:\Users\delta\Documents\github\Admin82-s-Factions\build\moddev\artifacts\neoforge-21.1.234.jar
[19Jul2026 15:07:25.674] [main/DEBUG] [net.neoforged.fml.loading.moddiscovery.ModFileInfo/LOADING]: Found valid mod file neoforge-21.1.234.jar with {neoforge} mods - versions {21.1.234}
[19Jul2026 15:07:25.674] [main/DEBUG] [net.neoforged.fml.loading.moddiscovery.ModFile/LOADING]: Loading mod file C:\Users\delta\Documents\github\Admin82-s-Factions\build\moddev\artifacts\neoforge-21.1.234.jar with languages [LanguageSpec[languageName=javafml, acceptedVersions=[3,]]]
[19Jul2026 15:07:25.674] [main/DEBUG] [net.neoforged.fml.loading.moddiscovery.ModFile/LOADING]: Found mixin config MixinConfig[config=neoforge.mixins.json, requiredMods=[]]
[19Jul2026 15:07:25.675] [main/DEBUG] [net.neoforged.fml.loading.moddiscovery.ModFile/LOADING]: Loading mod file  with languages []
[19Jul2026 15:07:25.676] [main/DEBUG] [cpw.mods.modlauncher.TransformationServiceDecorator/MODLAUNCHER]: End scan trigger - transformation service fml
[19Jul2026 15:07:25.698] [main/DEBUG] [net.neoforged.fml.util.ServiceLoaderUtil/CORE]: Found 3 implementations of IModLanguageLoader:
[19Jul2026 15:07:25.698] [main/DEBUG] [net.neoforged.fml.util.ServiceLoaderUtil/CORE]: 	net.neoforged.fml.javafmlmod.FMLJavaModLanguageProvider from loader-4.0.42.jar
[19Jul2026 15:07:25.698] [main/DEBUG] [net.neoforged.fml.util.ServiceLoaderUtil/CORE]: 	net.neoforged.fml.lowcodemod.LowCodeModLanguageProvider from loader-4.0.42.jar
[19Jul2026 15:07:25.698] [main/DEBUG] [net.neoforged.fml.util.ServiceLoaderUtil/CORE]: 	net.neoforged.fml.mclanguageprovider.MinecraftModLanguageProvider from loader-4.0.42.jar
[19Jul2026 15:07:25.699] [main/DEBUG] [net.neoforged.fml.loading.LanguageProviderLoader/CORE]: Found language provider javafml, version 4.0.42
[19Jul2026 15:07:25.700] [main/DEBUG] [net.neoforged.fml.loading.LanguageProviderLoader/CORE]: Found language provider lowcodefml, version 4.0.42
[19Jul2026 15:07:25.700] [main/DEBUG] [net.neoforged.fml.loading.LanguageProviderLoader/CORE]: Found language provider minecraft, version 4.0.42
[19Jul2026 15:07:25.708] [main/DEBUG] [net.neoforged.fml.loading.ModSorter/]: Configured system mods: [minecraft, neoforge]
[19Jul2026 15:07:25.708] [main/DEBUG] [net.neoforged.fml.loading.ModSorter/]: Found system mod: minecraft
[19Jul2026 15:07:25.708] [main/DEBUG] [net.neoforged.fml.loading.ModSorter/]: Found system mod: neoforge
[19Jul2026 15:07:25.713] [main/DEBUG] [net.neoforged.fml.loading.ModSorter/LOADING]: Found 5 mod requirements (5 mandatory, 0 optional)
[19Jul2026 15:07:25.714] [main/DEBUG] [net.neoforged.fml.loading.ModSorter/LOADING]: Found 0 mod requirements missing (0 mandatory, 0 optional)
[19Jul2026 15:07:25.805] [main/DEBUG] [mixin/]: Adding mixin platform agents for container net.neoforged.fml.loading.mixin.FMLMixinContainerHandle@30331109
[19Jul2026 15:07:25.807] [main/DEBUG] [mixin/]: Instancing new MixinPlatformAgentMinecraftForge for net.neoforged.fml.loading.mixin.FMLMixinContainerHandle@30331109
[19Jul2026 15:07:25.807] [main/DEBUG] [mixin/]: MixinPlatformAgentMinecraftForge rejected container net.neoforged.fml.loading.mixin.FMLMixinContainerHandle@30331109
[19Jul2026 15:07:25.807] [main/DEBUG] [mixin/]: Instancing new MixinPlatformAgentDefault for net.neoforged.fml.loading.mixin.FMLMixinContainerHandle@30331109
[19Jul2026 15:07:25.807] [main/DEBUG] [mixin/]: MixinPlatformAgentDefault accepted container net.neoforged.fml.loading.mixin.FMLMixinContainerHandle@30331109
[19Jul2026 15:07:25.807] [main/DEBUG] [mixin/]: Instancing new FMLMixinPlatformAgent for net.neoforged.fml.loading.mixin.FMLMixinContainerHandle@30331109
[19Jul2026 15:07:25.807] [main/DEBUG] [mixin/]: FMLMixinPlatformAgent accepted container net.neoforged.fml.loading.mixin.FMLMixinContainerHandle@30331109
[19Jul2026 15:07:25.811] [main/DEBUG] [cpw.mods.modlauncher.TransformationServicesHandler/MODLAUNCHER]: Transformation services loading transformers
[19Jul2026 15:07:25.813] [main/DEBUG] [cpw.mods.modlauncher.TransformationServiceDecorator/MODLAUNCHER]: Initializing transformers for transformation service mixin
[19Jul2026 15:07:25.813] [main/DEBUG] [cpw.mods.modlauncher.TransformationServiceDecorator/MODLAUNCHER]: Initialized transformers for transformation service mixin
[19Jul2026 15:07:25.814] [main/DEBUG] [cpw.mods.modlauncher.TransformationServiceDecorator/MODLAUNCHER]: Initializing transformers for transformation service fml
[19Jul2026 15:07:25.814] [main/DEBUG] [net.neoforged.fml.loading.FMLServiceProvider/LOADING]: Loading coremod transformers
[19Jul2026 15:07:25.814] [main/DEBUG] [net.neoforged.fml.loading.FMLServiceProvider/CORE]: Not loading coremod script-engine since no mod requested it
[19Jul2026 15:07:25.815] [main/DEBUG] [net.neoforged.fml.util.ServiceLoaderUtil/CORE]: Found 1 implementations of ICoreMod:
[19Jul2026 15:07:25.815] [main/DEBUG] [net.neoforged.fml.util.ServiceLoaderUtil/CORE]: 	net.neoforged.neoforge.coremods.NeoForgeCoreMod from neoforge-21.1.234.jar > net.neoforged.neoforge-coremods-21.1.234.jar
[19Jul2026 15:07:25.827] [main/DEBUG] [net.neoforged.fml.loading.FMLServiceProvider/CORE]: Adding [Target[className=net.minecraft.world.level.biome.Biome, elementName=, elementDescriptor=, targetType=cpw.mods.modlauncher.api.TargetType@1199fe66]] transformer from core-mod net.neoforged.neoforge.coremods.NeoForgeCoreMod@24097e9b in neoforge-21.1.234.jar > net.neoforged.neoforge-coremods-21.1.234.jar
[19Jul2026 15:07:25.827] [main/DEBUG] [net.neoforged.fml.loading.FMLServiceProvider/CORE]: Adding [Target[className=net.minecraft.world.level.levelgen.structure.Structure, elementName=, elementDescriptor=, targetType=cpw.mods.modlauncher.api.TargetType@1199fe66]] transformer from core-mod net.neoforged.neoforge.coremods.NeoForgeCoreMod@24097e9b in neoforge-21.1.234.jar > net.neoforged.neoforge-coremods-21.1.234.jar
[19Jul2026 15:07:25.827] [main/DEBUG] [net.neoforged.fml.loading.FMLServiceProvider/CORE]: Adding [Target[className=net.minecraft.world.level.block.FlowerPotBlock, elementName=, elementDescriptor=, targetType=cpw.mods.modlauncher.api.TargetType@1199fe66]] transformer from core-mod net.neoforged.neoforge.coremods.NeoForgeCoreMod@24097e9b in neoforge-21.1.234.jar > net.neoforged.neoforge-coremods-21.1.234.jar
[19Jul2026 15:07:25.827] [main/DEBUG] [net.neoforged.fml.loading.FMLServiceProvider/CORE]: Adding [Target[className=net/minecraft/world/level/levelgen/structure/structures/SwampHutPiece, elementName=, elementDescriptor=, targetType=cpw.mods.modlauncher.api.TargetType@1199fe66], Target[className=net/minecraft/world/entity/animal/frog/Tadpole, elementName=, elementDescriptor=, targetType=cpw.mods.modlauncher.api.TargetType@1199fe66], Target[className=net/minecraft/world/level/levelgen/structure/structures/OceanMonumentPieces$OceanMonumentPiece, elementName=, elementDescriptor=, targetType=cpw.mods.modlauncher.api.TargetType@1199fe66], Target[className=net/minecraft/world/level/levelgen/structure/templatesystem/StructureTemplate, elementName=, elementDescriptor=, targetType=cpw.mods.modlauncher.api.TargetType@1199fe66], Target[className=net/minecraft/world/entity/raid/Raid, elementName=, elementDescriptor=, targetType=cpw.mods.modlauncher.api.TargetType@1199fe66], Target[className=net/minecraft/world/level/levelgen/structure/structures/OceanRuinPieces$OceanRuinPiece, elementName=, elementDescriptor=, targetType=cpw.mods.modlauncher.api.TargetType@1199fe66], Target[className=net/minecraft/world/entity/monster/Zombie, elementName=, elementDescriptor=, targetType=cpw.mods.modlauncher.api.TargetType@1199fe66], Target[className=net/minecraft/world/entity/monster/ZombieVillager, elementName=, elementDescriptor=, targetType=cpw.mods.modlauncher.api.TargetType@1199fe66], Target[className=net/minecraft/world/entity/monster/Spider, elementName=, elementDescriptor=, targetType=cpw.mods.modlauncher.api.TargetType@1199fe66], Target[className=net/minecraft/world/entity/npc/Villager, elementName=, elementDescriptor=, targetType=cpw.mods.modlauncher.api.TargetType@1199fe66], Target[className=net/minecraft/world/level/levelgen/PhantomSpawner, elementName=, elementDescriptor=, targetType=cpw.mods.modlauncher.api.TargetType@1199fe66], Target[className=net/minecraft/world/entity/ai/village/VillageSiege, elementName=, elementDescriptor=, targetType=cpw.mods.modlauncher.api.TargetType@1199fe66], Target[className=net/minecraft/world/level/NaturalSpawner, elementName=, elementDescriptor=, targetType=cpw.mods.modlauncher.api.TargetType@1199fe66], Target[className=net/minecraft/server/commands/RaidCommand, elementName=, elementDescriptor=, targetType=cpw.mods.modlauncher.api.TargetType@1199fe66], Target[className=net/minecraft/world/level/levelgen/PatrolSpawner, elementName=, elementDescriptor=, targetType=cpw.mods.modlauncher.api.TargetType@1199fe66], Target[className=net/minecraft/server/commands/SummonCommand, elementName=, elementDescriptor=, targetType=cpw.mods.modlauncher.api.TargetType@1199fe66], Target[className=net/minecraft/world/entity/EntityType, elementName=, elementDescriptor=, targetType=cpw.mods.modlauncher.api.TargetType@1199fe66], Target[className=net/minecraft/world/entity/monster/Strider, elementName=, elementDescriptor=, targetType=cpw.mods.modlauncher.api.TargetType@1199fe66], Target[className=net/minecraft/world/level/levelgen/structure/structures/WoodlandMansionPieces$WoodlandMansionPiece, elementName=, elementDescriptor=, targetType=cpw.mods.modlauncher.api.TargetType@1199fe66], Target[className=net/minecraft/world/entity/monster/Evoker$EvokerSummonSpellGoal, elementName=, elementDescriptor=, targetType=cpw.mods.modlauncher.api.TargetType@1199fe66], Target[className=net/minecraft/world/entity/animal/horse/SkeletonTrapGoal, elementName=, elementDescriptor=, targetType=cpw.mods.modlauncher.api.TargetType@1199fe66], Target[className=net/minecraft/world/entity/npc/CatSpawner, elementName=, elementDescriptor=, targetType=cpw.mods.modlauncher.api.TargetType@1199fe66]] transformer from core-mod net.neoforged.neoforge.coremods.NeoForgeCoreMod@24097e9b in neoforge-21.1.234.jar > net.neoforged.neoforge-coremods-21.1.234.jar
[19Jul2026 15:07:25.834] [main/DEBUG] [cpw.mods.modlauncher.TransformStore/MODLAUNCHER]: Adding transformer net.neoforged.neoforge.coremods.ReplaceFieldWithGetterAccess@51ec2df1 to Target : cpw.mods.modlauncher.api.TargetType@1199fe66 {Lnet/minecraft/world/level/biome/Biome;} {} {V}
[19Jul2026 15:07:25.837] [main/DEBUG] [cpw.mods.modlauncher.TransformStore/MODLAUNCHER]: Adding transformer net.neoforged.neoforge.coremods.ReplaceFieldWithGetterAccess@4d74c3ba to Target : cpw.mods.modlauncher.api.TargetType@1199fe66 {Lnet/minecraft/world/level/levelgen/structure/Structure;} {} {V}
[19Jul2026 15:07:25.843] [main/DEBUG] [cpw.mods.modlauncher.TransformStore/MODLAUNCHER]: Adding transformer net.neoforged.neoforge.coremods.ReplaceFieldWithGetterAccess@41c204a0 to Target : cpw.mods.modlauncher.api.TargetType@1199fe66 {Lnet/minecraft/world/level/block/FlowerPotBlock;} {} {V}
[19Jul2026 15:07:25.844] [main/DEBUG] [cpw.mods.modlauncher.TransformStore/MODLAUNCHER]: Adding transformer net.neoforged.neoforge.coremods.MethodRedirector@64138b0c to Target : cpw.mods.modlauncher.api.TargetType@1199fe66 {Lnet/minecraft/world/level/levelgen/structure/structures/SwampHutPiece;} {} {V}
[19Jul2026 15:07:25.844] [main/DEBUG] [cpw.mods.modlauncher.TransformStore/MODLAUNCHER]: Adding transformer net.neoforged.neoforge.coremods.MethodRedirector@64138b0c to Target : cpw.mods.modlauncher.api.TargetType@1199fe66 {Lnet/minecraft/world/entity/animal/frog/Tadpole;} {} {V}
[19Jul2026 15:07:25.844] [main/DEBUG] [cpw.mods.modlauncher.TransformStore/MODLAUNCHER]: Adding transformer net.neoforged.neoforge.coremods.MethodRedirector@64138b0c to Target : cpw.mods.modlauncher.api.TargetType@1199fe66 {Lnet/minecraft/world/level/levelgen/structure/structures/OceanMonumentPieces$OceanMonumentPiece;} {} {V}
[19Jul2026 15:07:25.844] [main/DEBUG] [cpw.mods.modlauncher.TransformStore/MODLAUNCHER]: Adding transformer net.neoforged.neoforge.coremods.MethodRedirector@64138b0c to Target : cpw.mods.modlauncher.api.TargetType@1199fe66 {Lnet/minecraft/world/level/levelgen/structure/templatesystem/StructureTemplate;} {} {V}
[19Jul2026 15:07:25.844] [main/DEBUG] [cpw.mods.modlauncher.TransformStore/MODLAUNCHER]: Adding transformer net.neoforged.neoforge.coremods.MethodRedirector@64138b0c to Target : cpw.mods.modlauncher.api.TargetType@1199fe66 {Lnet/minecraft/world/entity/raid/Raid;} {} {V}
[19Jul2026 15:07:25.844] [main/DEBUG] [cpw.mods.modlauncher.TransformStore/MODLAUNCHER]: Adding transformer net.neoforged.neoforge.coremods.MethodRedirector@64138b0c to Target : cpw.mods.modlauncher.api.TargetType@1199fe66 {Lnet/minecraft/world/level/levelgen/structure/structures/OceanRuinPieces$OceanRuinPiece;} {} {V}
[19Jul2026 15:07:25.844] [main/DEBUG] [cpw.mods.modlauncher.TransformStore/MODLAUNCHER]: Adding transformer net.neoforged.neoforge.coremods.MethodRedirector@64138b0c to Target : cpw.mods.modlauncher.api.TargetType@1199fe66 {Lnet/minecraft/world/entity/monster/Zombie;} {} {V}
[19Jul2026 15:07:25.845] [main/DEBUG] [cpw.mods.modlauncher.TransformStore/MODLAUNCHER]: Adding transformer net.neoforged.neoforge.coremods.MethodRedirector@64138b0c to Target : cpw.mods.modlauncher.api.TargetType@1199fe66 {Lnet/minecraft/world/entity/monster/ZombieVillager;} {} {V}
[19Jul2026 15:07:25.845] [main/DEBUG] [cpw.mods.modlauncher.TransformStore/MODLAUNCHER]: Adding transformer net.neoforged.neoforge.coremods.MethodRedirector@64138b0c to Target : cpw.mods.modlauncher.api.TargetType@1199fe66 {Lnet/minecraft/world/entity/monster/Spider;} {} {V}
[19Jul2026 15:07:25.845] [main/DEBUG] [cpw.mods.modlauncher.TransformStore/MODLAUNCHER]: Adding transformer net.neoforged.neoforge.coremods.MethodRedirector@64138b0c to Target : cpw.mods.modlauncher.api.TargetType@1199fe66 {Lnet/minecraft/world/entity/npc/Villager;} {} {V}
[19Jul2026 15:07:25.845] [main/DEBUG] [cpw.mods.modlauncher.TransformStore/MODLAUNCHER]: Adding transformer net.neoforged.neoforge.coremods.MethodRedirector@64138b0c to Target : cpw.mods.modlauncher.api.TargetType@1199fe66 {Lnet/minecraft/world/level/levelgen/PhantomSpawner;} {} {V}
[19Jul2026 15:07:25.845] [main/DEBUG] [cpw.mods.modlauncher.TransformStore/MODLAUNCHER]: Adding transformer net.neoforged.neoforge.coremods.MethodRedirector@64138b0c to Target : cpw.mods.modlauncher.api.TargetType@1199fe66 {Lnet/minecraft/world/entity/ai/village/VillageSiege;} {} {V}
[19Jul2026 15:07:25.845] [main/DEBUG] [cpw.mods.modlauncher.TransformStore/MODLAUNCHER]: Adding transformer net.neoforged.neoforge.coremods.MethodRedirector@64138b0c to Target : cpw.mods.modlauncher.api.TargetType@1199fe66 {Lnet/minecraft/world/level/NaturalSpawner;} {} {V}
[19Jul2026 15:07:25.845] [main/DEBUG] [cpw.mods.modlauncher.TransformStore/MODLAUNCHER]: Adding transformer net.neoforged.neoforge.coremods.MethodRedirector@64138b0c to Target : cpw.mods.modlauncher.api.TargetType@1199fe66 {Lnet/minecraft/server/commands/RaidCommand;} {} {V}
[19Jul2026 15:07:25.845] [main/DEBUG] [cpw.mods.modlauncher.TransformStore/MODLAUNCHER]: Adding transformer net.neoforged.neoforge.coremods.MethodRedirector@64138b0c to Target : cpw.mods.modlauncher.api.TargetType@1199fe66 {Lnet/minecraft/world/level/levelgen/PatrolSpawner;} {} {V}
[19Jul2026 15:07:25.845] [main/DEBUG] [cpw.mods.modlauncher.TransformStore/MODLAUNCHER]: Adding transformer net.neoforged.neoforge.coremods.MethodRedirector@64138b0c to Target : cpw.mods.modlauncher.api.TargetType@1199fe66 {Lnet/minecraft/server/commands/SummonCommand;} {} {V}
[19Jul2026 15:07:25.845] [main/DEBUG] [cpw.mods.modlauncher.TransformStore/MODLAUNCHER]: Adding transformer net.neoforged.neoforge.coremods.MethodRedirector@64138b0c to Target : cpw.mods.modlauncher.api.TargetType@1199fe66 {Lnet/minecraft/world/entity/EntityType;} {} {V}
[19Jul2026 15:07:25.845] [main/DEBUG] [cpw.mods.modlauncher.TransformStore/MODLAUNCHER]: Adding transformer net.neoforged.neoforge.coremods.MethodRedirector@64138b0c to Target : cpw.mods.modlauncher.api.TargetType@1199fe66 {Lnet/minecraft/world/entity/monster/Strider;} {} {V}
[19Jul2026 15:07:25.847] [main/DEBUG] [cpw.mods.modlauncher.TransformStore/MODLAUNCHER]: Adding transformer net.neoforged.neoforge.coremods.MethodRedirector@64138b0c to Target : cpw.mods.modlauncher.api.TargetType@1199fe66 {Lnet/minecraft/world/level/levelgen/structure/structures/WoodlandMansionPieces$WoodlandMansionPiece;} {} {V}
[19Jul2026 15:07:25.847] [main/DEBUG] [cpw.mods.modlauncher.TransformStore/MODLAUNCHER]: Adding transformer net.neoforged.neoforge.coremods.MethodRedirector@64138b0c to Target : cpw.mods.modlauncher.api.TargetType@1199fe66 {Lnet/minecraft/world/entity/monster/Evoker$EvokerSummonSpellGoal;} {} {V}
[19Jul2026 15:07:25.847] [main/DEBUG] [cpw.mods.modlauncher.TransformStore/MODLAUNCHER]: Adding transformer net.neoforged.neoforge.coremods.MethodRedirector@64138b0c to Target : cpw.mods.modlauncher.api.TargetType@1199fe66 {Lnet/minecraft/world/entity/animal/horse/SkeletonTrapGoal;} {} {V}
[19Jul2026 15:07:25.847] [main/DEBUG] [cpw.mods.modlauncher.TransformStore/MODLAUNCHER]: Adding transformer net.neoforged.neoforge.coremods.MethodRedirector@64138b0c to Target : cpw.mods.modlauncher.api.TargetType@1199fe66 {Lnet/minecraft/world/entity/npc/CatSpawner;} {} {V}
[19Jul2026 15:07:25.847] [main/DEBUG] [cpw.mods.modlauncher.TransformationServiceDecorator/MODLAUNCHER]: Initialized transformers for transformation service fml
[19Jul2026 15:07:26.266] [main/INFO] [cpw.mods.modlauncher.Launcher/MODLAUNCHER]: ModLauncher running: args [--launchTarget, forgeclientdev, --version, 21.1.234, --assetIndex, 17, --assetsDir, C:\\Users\\delta\\.gradle\\caches\\neoformruntime\\assets, --gameDir, ., --fml.fmlVersion, 4.0.42, --fml.mcVersion, 1.21.1, --fml.neoForgeVersion, 21.1.234, --fml.neoFormVersion, 20240808.144430]
[19Jul2026 15:07:26.270] [main/INFO] [cpw.mods.modlauncher.Launcher/MO[19Jul2026 15:07:26.296] [main/DEBUG] [mixin/]: Compatibility level JAVA_21 specified by ldlib2.mixins.json is higher than the maximum level supported by this version of mixin (JAVA_13).
[19Jul2026 15:07:26.303] [main/INFO] [mixin/]: Compatibility level set to JAVA_21
[19Jul2026 15:07:26.305] [main/DEBUG] [mixin/]: Mixin config adminsfactions.mixins.json does not specify "minVersion" or "requiredFeatures" property
[19Jul2026 15:07:26.307] [main/DEBUG] [mixin/]: Processing launch tasks for PlatformAgent[MixinPlatformAgentDefault:ModLauncher Root Container(ModLauncher:4f56a0a2)]
[19Jul2026 15:07:2[19Jul2026 15:07:26.307] [main/DEBUG] [cpw.mods.modlauncher.LaunchPluginHandler/MODLAUNCHER]: Found launch pl[19Jul2026 15:07:26.307] [main/DEBUG] [mixin/]: Instancing new MixinPlatformAgentMinec[19Jul2026 15:07:26.315] [main/DEBUG] [cpw.mods.modlauncher.TransformationServicesHandler/MODLAUNCHER]: Discovering transformation services
[19Jul2026 15:07:26.321] [main/DEBUG] [net.neoforged.fml.loading.FMLPaths/CORE]: Path GAMEDIR is C:\Users\delta\Documents\github\Admin82-s-Factions\run
[19Jul2026 15:07:26.322] [main/DEBUG] [net.neoforged.fml.loading.FMLPaths/CORE]: Path MODSDIR is C:\Users\delta\Documents\github\Admin82-s-Factions\run\mods
[19Jul2026 15:07:26.322] [main/DEBUG] [net.neoforged.fml.loading.FMLPaths/CORE]: Path CONFIGDIR is C:\Users\delta\Documents\github\Admin82-s-Factions\run\config
[19Jul2026 15:07:26.322] [main/DEBUG] [net.neoforged.fml.loading.FMLPaths/CORE]: Path FMLCONFIG is C:\Users\delta\Documents\github\Admin82-s-Factions\run\config\fml.toml
[19Jul2026 15:07:26.353] [main/DEBUG] [net.neoforged.fml.loading.targets.CommonLaunchHandler/CORE]: Got mod coordinates adminsfactions%%C:\Users\delta\Documents\github\Admin82-s-Factions\build\classes\java\main;adminsfactions%%C:\Users\delta\Documents\github\Admin82-s-Factions\build\resources\main from env
[19Jul2026 15:07:26.354] [main/DEBUG] [net.neoforged.fml.loading.targets.CommonLaunchHandler/CORE]: Found supplied mod coordinates [{adminsfactions=[C:\Users\delta\Documents\github\Admin82-s-Factions\build\classes\java\main, C:\Users\delta\Documents\github\Admin82-s-Factions\build\resources\main]}]
[19Jul2026 15:07:26.359] [main/DEBUG] [cpw.mods.modlauncher.TransformationServicesHandler/MODLAUNCHER]: Found additional transformation services from discovery services: 
[19Jul2026 15:07:26.373] [main/INFO] [net.neoforged.fml.loading.ImmediateWindowHandler/]: Loading ImmediateWindowProvider fmlearlywindow
[19Jul2026 15:07:26.459] [main/INFO] [EARLYDISPLAY/]: Trying GL version 4.6
[19Jul2026 15:07:26.556] [main/INFO] [EARLYDISPLAY/]: Requested GL version 4.6 got version 4.6
[19Jul2026 15:07:26.607] [main/DEBUG] [cpw.mods.modlauncher.TransformationServicesHandler/MODLAUNCHER]: Found transformer services : [mixin,fml]
[19Jul2026 15:07:26.607] [main/DEBUG] [cpw.mods.modlauncher.TransformationServicesHandler/MODLAUNCHER]: Transformation services loading
[19Jul2026 15:07:26.607] [main/DEBUG] [cpw.mods.modlauncher.TransformationServiceDecorator/MODLAUNCHER]: Loading service mixin
[19Jul2026 15:07:26.608] [main/DEBUG] [cpw.mods.modlauncher.TransformationServiceDecorator/MODLAUNCHER]: Loaded service mixin
[19Jul2026 15:07:26.608] [main/DEBUG] [cpw.mods.modlauncher.TransformationServiceDecorator/MODLAUNCHER]: Loading service fml
[19Jul2026 15:07:26.608] [main/DEBUG] [net.neoforged.fml.loading.FMLLoader/CORE]: FML 4.0.42 loading
[19Jul2026 15:07:26.609] [main/DEBUG] [net.neoforged.fml.loading.FMLLoader/CORE]: FML found ModLauncher version : 11.0.5+main.901c6ea8
[19Jul2026 15:07:26.609] [main/DEBUG] [net.neoforged.fml.loading.FMLLoader/CORE]: FML found AccessTransformer version : 10.0.1+139da711
[19Jul2026 15:07:26.610] [main/DEBUG] [net.neoforged.fml.loading.FMLLoader/CORE]: FML found EventBus version : null
[19Jul2026 15:07:26.610] [main/DEBUG] [net.neoforged.fml.loading.FMLLoader/CORE]: Found Runtime Dist Cleaner
[19Jul2026 15:07:26.611] [main/DEBUG] [cpw.mods.modlauncher.TransformationServiceDecorator/MODLAUNCHER]: Loaded service fml
[19Jul2026 15:07:26.613] [main/DEBUG] [cpw.mods.modlauncher.TransformationServicesHandler/MODLAUNCHER]: Configuring option handling for services
[19Jul2026 15:07:26.633] [main/DEBUG] [net.neoforged.fml.loading.FMLServiceProvider/CORE]: Received command line version data  : VersionInfo[neoForgeVersion=21.1.234, fmlVersion=4.0.42, mcVersion=1.21.1, neoFormVersion=20240808.144430]
[19Jul2026 15:07:26.634] [main/DEBUG] [cpw.mods.modlauncher.TransformationServicesHandler/MODLAUNCHER]: Transformation services initializing
[19Jul2026 15:07:26.635] [main/DEBUG] [cpw.mods.modlauncher.TransformationServiceDecorator/MODLAUNCHER]: Initializing transformation service mixin
[19Jul2026 15:07:26.646] [main/DEBUG] [mixin/]: MixinService [ModLauncher] was successfully booted in cpw.mods.cl.ModuleClassLoader@a74868d
[19Jul2026 15:07:26.657] [main/INFO] [mixin/]: SpongePowered MIXIN Subsystem Version=0.8.7 Source=union:/C:/Users/delta/.gradle/caches/modules-2/files-2.1/net.fabricmc/sponge-mixin/0.15.2+mixin.0.8.7/2af2f021d8e02a0220dc27a7a72b4666d66d44ca/sponge-mixin-0.15.2+mixin.0.8.7.jar%23138!/ Service=ModLauncher Env=CLIENT
[19Jul2026 15:07:26.661] [main/DEBUG] [mixin/]: Initialising Mixin Platform Manager
[19Jul2026 15:07:26.662] [main/DEBUG] [mixin/]: Adding mixin platform agents for container ModLauncher Root Container(ModLauncher:4f56a0a2)
[19Jul2026 15:07:26.663] [main/DEBUG] [mixin/]: Instancing new MixinPlatformAgentMinecraftForge for ModLauncher Root Container(ModLauncher:4f56a0a2)
[19Jul2026 15:07:26.663] [main/DEBUG] [mixin/]: MixinPlatformAgentMinecraftForge rejected container ModLauncher Root Container(ModLauncher:4f56a0a2)
[19Jul2026 15:07:26.664] [main/DEBUG] [mixin/]: Instancing new MixinPlatformAgentDefault for ModLauncher Root Container(ModLauncher:4f56a0a2)
[19Jul2026 15:07:26.664] [main/DEBUG] [mixin/]: MixinPlatformAgentDefault accepted container ModLauncher Root Container(ModLauncher:4f56a0a2)
[19Jul2026 15:07:26.668] [main/DEBUG] [cpw.mods.modlauncher.TransformationServiceDecorator/MODLAUNCHER]: Initialized transformation service mixin
[19Jul2026 15:07:26.668] [main/DEBUG] [cpw.mods.modlauncher.TransformationServiceDecorator/MODLAUNCHER]: Initializing transformation service fml
[19Jul2026 15:07:26.668] [main/DEBUG] [net.neoforged.fml.loading.FMLServiceProvider/CORE]: Setting up basic FML game directories
[19Jul2026 15:07:26.668] [main/DEBUG] [net.neoforged.fml.loading.FMLPaths/CORE]: Path GAMEDIR is C:\Users\delta\Documents\github\Admin82-s-Factions\run
[19Jul2026 15:07:26.668] [main/DEBUG] [net.neoforged.fml.loading.FMLPaths/CORE]: Path MODSDIR is C:\Users\delta\Documents\github\Admin82-s-Factions\run\mods
[19Jul2026 15:07:26.668] [main/DEBUG] [net.neoforged.fml.loading.FMLPaths/CORE]: Path CONFIGDIR is C:\Users\delta\Documents\github\Admin82-s-Factions\run\config
[19Jul2026 15:07:26.668] [main/DEBUG] [net.neoforged.fml.loading.FMLPaths/CORE]: Path FMLCONFIG is C:\Users\delta\Documents\github\Admin82-s-Factions\run\config\fml.toml
[19Jul2026 15:07:26.669] [main/DEBUG] [net.neoforged.fml.loading.FMLServiceProvider/CORE]: Loading configuration
[19Jul2026 15:07:26.673] [main/DEBUG] [net.neoforged.fml.loading.FMLServiceProvider/CORE]: Preparing launch handler
[19Jul2026 15:07:26.673] [main/DEBUG] [net.neoforged.fml.loading.FMLLoader/CORE]: Using forgeclientdev as launch service
[19Jul2026 15:07:26.675] [main/DEBUG] [cpw.mods.modlauncher.TransformationServiceDecorator/MODLAUNCHER]: Initialized transformation service fml
[19Jul2026 15:07:26.675] [main/DEBUG] [cpw.mods.modlauncher.TransformationServicesHandler/MODLAUNCHER]: Transformation services begin scanning
[19Jul2026 15:07:26.676] [main/DEBUG] [cpw.mods.modlauncher.TransformationServiceDecorator/MODLAUNCHER]: Beginning scan trigger - transformation service mixin
[19Jul2026 15:07:26.677] [main/DEBUG] [cpw.mods.modlauncher.TransformationServiceDecorator/MODLAUNCHER]: End scan trigger - transformation service mixin
[19Jul2026 15:07:26.677] [main/DEBUG] [cpw.mods.modlauncher.TransformationServiceDecorator/MODLAUNCHER]: Beginning scan trigger - transformation service fml
[19Jul2026 15:07:26.677] [main/DEBUG] [net.neoforged.fml.loading.FMLServiceProvider/CORE]: Initiating mod scan
[19Jul2026 15:07:26.677] [main/DEBUG] [net.neoforged.fml.loading.targets.CommonLaunchHandler/CORE]: Got mod coordinates adminsfactions%%C:\Users\delta\Documents\github\Admin82-s-Factions\build\classes\java\main;adminsfactions%%C:\Users\delta\Documents\github\Admin82-s-Factions\build\resources\main from env
[19Jul2026 15:07:26.677] [main/DEBUG] [net.neoforged.fml.loading.targets.CommonLaunchHandler/CORE]: Found supplied mod coordinates [{adminsfactions=[C:\Users\delta\Documents\github\Admin82-s-Factions\build\classes\java\main, C:\Users\delta\Documents\github\Admin82-s-Factions\build\resources\main]}]
[19Jul2026 15:07:26.678] [main/DEBUG] [net.neoforged.fml.loading.targets.CommonDevLaunchHandler/]: Launching with NeoForge from C:\Users\delta\Documents\github\Admin82-s-Factions\build\moddev\artifacts\neoforge-21.1.234.jar
[19Jul2026 15:07:26.689] [main/DEBUG] [net.neoforged.fml.util.ServiceLoaderUtil/CORE]: Found 4 implementations of IModFileCandidateLocator:
[19Jul2026 15:07:26.690] [main/DEBUG] [net.neoforged.fml.util.ServiceLoaderUtil/CORE]: 	       0 - [built-in] net.neoforged.fml.loading.moddiscovery.locators.NeoForgeDevProvider from loader-4.0.42.jar
[19Jul2026 15:07:26.691] [main/DEBUG] [net.neoforged.fml.util.ServiceLoaderUtil/CORE]: 	       0 - net.neoforged.fml.loading.moddiscovery.locators.ModsFolderLocator from loader-4.0.42.jar
[19Jul2026 15:07:26.691] [main/DEBUG] [net.neoforged.fml.util.ServiceLoaderUtil/CORE]: 	       0 - net.neoforged.fml.loading.moddiscovery.locators.MavenDirectoryLoca[19Jul2026 15:07:27.050] [main/DEBUG] [oshi.util.FileUtil/]: No oshi.properties file found from ClassLoader cpw.mods.modlauncher.TransformingClassLoader@7c455e96
[19Jul2026 15:07:27.498] [main/DEBUG] [oshi.util.FileUtil/]: No oshi.architecture.properties file found from ClassLoader cpw.mods.modlauncher.TransformingClassLoader@7c455e96
[19Jul2026 15:07:27.549] [main/WARN] [oshi.driver.windows.perfmon.PerfmonDisabled/]: Invalid registry value type detected for PerfOS counters. Should be REG_DWORD. Ignoring: HKEY_LOCAL_MACHINE\SYSTEM\CurrentControlSet\Services\PerfOS\Performance\Disable Performance Counters.
[19Jul2026 15:07:27.716] [main/INFO] [MixinExtras|Service/]: Initializing MixinExtras via com.llamalad7.mixinextras.service.MixinExtrasServiceImpl(version=0.5.3).
[19Jul2026 15:07:27.717] [main/DEBUG] [mixin/]: Registering new injector for @SugarWrapper with com.llamalad7.mixinextras.sugar.impl.SugarWrapperInjectionInfo
[19Jul2026 15:07:27.717] [main/DEBUG] [mixin/]: Registering new injector for @FactoryRedirectWrapper with com.llamalad7.mixinextras.wrapper.factory.FactoryRedirectWrapperInjectionInfo
[19Jul2026 15:07:27.719] [main/DEBUG] [mixin/]: Registering new injector for @ExpressionInjectorWrapper with com.llamalad7.mixinextras.expression.impl.wrapper.ExpressionInjectorWrapperInjectionInfo
[19Jul2026 15:07:27.728] [main/DEBUG] [mixin/]: Mixing MappedRegistryAccessor from neoforge.mixins.json into net.minecraft.core.MappedRegistry
[19Jul2026 15:07:28.360] [main/DEBUG] [mixin/]: Mixing BlockEntityMixin from ldlib2.mixins.json into net.minecraft.world.level.block.entity.BlockEntity
[19Jul2026 15:07:28.386] [main/DEBUG] [mixin/]: ldlib2.mixins.json:BlockEntityMixin from mod ldlib2->@Inject::injectGetUpdateTag(Lnet/minecraft/core/HolderLookup$Provider;Lorg/spongepowered/asm/mixin/injection/callback/CallbackInfoReturnable;)V does use it's CallbackInfoReturnable
[19Jul2026 15:07:28.386] [main/DEBUG] [mixin/]: ldlib2.mixins.json:BlockEntityMixin from mod ldlib2->@Inject::injectSaveAdditional(Lnet/minecraft/nbt/CompoundTag;Lnet/minecraft/core/HolderLookup$Provider;Lorg/spongepowered/asm/mixin/injection/callback/CallbackInfo;)V doesn't use it's CallbackInfo
[19Jul2026 15:07:28.386] [main/DEBUG] [mixin/]: ldlib2.mixins.json:BlockEntityMixin from mod ldlib2->@Inject::injectSaveAdditional(Lnet/minecraft/nbt/CompoundTag;Lnet/minecraft/core/HolderLookup$Provider;Lorg/spongepowered/asm/mixin/injection/callback/CallbackInfo;)V has 0 override(s) in child classes
[19Jul2026 15:07:28.386] [main/DEBUG] [mixin/]: ldlib2.mixins.json:BlockEntityMixin from mod ldlib2->@Inject::injectSaveAdditional(Lnet/minecraft/nbt/CompoundTag;Lnet/minecraft/core/HolderLookup$Provider;Lorg/spongepowered/asm/mixin/injection/callback/CallbackInfo;)V won't be passed a CallbackInfo as a result
[19Jul2026 15:07:28.386] [main/DEBUG] [mixin/]: ldlib2.mixins.json:BlockEntityMixin from mod ldlib2->@Inject::injectLoad(Lnet/minecraft/nbt/CompoundTag;Lnet/minecraft/core/HolderLookup$Provider;Lorg/spongepowered/asm/mixin/injection/callback/CallbackInfo;)V doesn't use it's CallbackInfo
[19Jul2026 15:07:28.386] [main/DEBUG] [mixin/]: ldlib2.mixins.json:BlockEntityMixin from mod ldlib2->@Inject::injectLoad(Lnet/minecraft/nbt/CompoundTag;Lnet/minecraft/core/HolderLookup$Provider;Lorg/spongepowered/asm/mixin/injection/callback/CallbackInfo;)V has 0 override(s) in child classes
[19Jul2026 15:07:28.386] [main/DEBUG] [mixin/]: ldlib2.mixins.json:BlockEntityMixin from mod ldlib2->@Inject::injectLoad(Lnet/minecraft/nbt/CompoundTag;Lnet/minecraft/core/HolderLookup$Provider;Lorg/spongepowered/asm/mixin/injection/callback/CallbackInfo;)V won't be passed a CallbackInfo as a result
[19Jul2026 15:07:28.386] [main/DEBUG] [mixin/]: ldlib2.mixins.json:BlockEntityMixin from mod ldlib2->@Inject::injectSetRemoved(Lorg/spongepowered/asm/mixin/injection/callback/CallbackInfo;)V doesn't use it's CallbackInfo
[19Jul2026 15:07:28.386] [main/DEBUG] [mixin/]: ldlib2.mixins.json:BlockEntityMixin from mod ldlib2->@Inject::injectSetRemoved(Lorg/spongepowered/asm/mixin/injection/callback/CallbackInfo;)V has 0 override(s) in child classes
[19Jul2026 15:07:28.386] [main/DEBUG] [mixin/]: ldlib2.mixins.json:BlockEntityMixin from mod ldlib2->@Inject::injectSetRemoved(Lorg/spongepowered/asm/mixin/injection/callback/CallbackInfo;)V won't be passed a CallbackInfo as a result
[19Jul2026 15:07:28.386] [main/DEBUG] [mixin/]: ldlib2.mixins.json:BlockEntityMixin from mod ldlib2->@Inject::injectClearRemoved(Lorg/spongepowered/asm/mixin/injection/callback/CallbackInfo;)V doesn't use it's CallbackInfo
[19Jul2026 15:07:28.386] [main/DEBUG] [mixin/]: ldlib2.mixins.json:BlockEntityMixin from mod ldlib2->@Inject::injectClearRemoved(Lorg/spongepowered/asm/mixin/injection/callback/CallbackInfo;)V has 0 override(s) in child classes
[19Jul2026 15:07:28.386] [main/DEBUG] [mixin/]: ldlib2.mixins.json:BlockEntityMixin from mod ldlib2->@Inject::injectClearRemoved(Lorg/spongepowered/asm/mixin/injection/callback/CallbackInfo;)V won't be passed a CallbackInfo as a result
[19Jul2026 15:07:28.726] [main/DEBUG] [mixin/]: Mixing BlockEntityTypeAccessor from neoforge.mixins.json into net.minecraft.world.level.block.entity.BlockEntityType
[19Jul2026 15:07:28.764] [main/DEBUG] [mixin/]: Mixing ui.AbstractContainerMenuMixin from ldlib2.mixins.json into net.minecraft.world.inventory.AbstractContainerMenu
[19Jul2026 15:07:28.778] [main/DEBUG] [mixin/]: ldlib2.mixins.json:ui.AbstractContainerMenuMixin from mod ldlib2->@Inject::ldlib2$broadcastChanges(Lorg/spongepowered/asm/mixin/injection/callback/CallbackInfo;)V doesn't use it's CallbackInfo
[19Jul2026 15:07:28.779] [main/DEBUG] [mixin/]: ldlib2.mixins.json:ui.AbstractContainerMenuMixin from mod ldlib2->@Inject::ldlib2$broadcastChanges(Lorg/spongepowered/asm/mixin/injection/callback/CallbackInfo;)V has 0 override(s) in child classes
[19Jul2026 15:07:28.779] [main/DEBUG] [mixin/]: ldlib2.mixins.json:ui.AbstractContainerMenuMixin from mod ldlib2->@Inject::ldlib2$broadcastChanges(Lorg/spongepowered/asm/mixin/injection/callback/CallbackInfo;)V won't be passed a CallbackInfo as a result
[19Jul2026 15:07:29.420] [main/DEBUG] [mixin/]: Mixing ui.ServerPlayerMixin from ldlib2.mixins.json into net.minecraft.server.level.ServerPlayer
[19Jul2026 15:07:29.450] [main/DEBUG] [mixin/]: ldlib2.mixins.json:ui.ServerPlayerMixin from mod ldlib2->@Inject::ldlib2$writeCustomData(Lnet/minecraft/world/MenuProvider;Lnet/minecraft/world/inventory/AbstractContainerMenu;Ljava/util/function/Consumer;Lnet/minecraft/network/RegistryFriendlyByteBuf;Lorg/spongepowered/asm/mixin/injection/callback/CallbackInfo;)V doesn't use it's CallbackInfo
[19Jul2026 15:07:29.933] [main/DEBUG] [io.netty.util.internal.PlatformDependent0/]: -Dio.netty.noUnsafe: false
[19Jul2026 15:07:29.934] [main/DEBUG] [io.netty.util.internal.PlatformDependent0/]: Java version: 21
[19Jul2026 15:07:29.934] [main/DEBUG] [io.netty.util.internal.PlatformDependent0/]: sun.misc.Unsafe.theUnsafe: available
[19Jul2026 15:07:29.934] [main/DEBUG] [io.netty.util.internal.PlatformDependent0/]: sun.misc.Unsafe.copyMemory: available
[19Jul2026 15:07:29.935] [main/DEBUG] [io.netty.util.internal.PlatformDependent0/]: sun.misc.Unsafe.storeFence: available
[19Jul2026 15:07:29.935] [main/DEBUG] [io.netty.util.internal.PlatformDependent0/]: java.nio.Buffer.address: available
[19Jul2026 15:07:29.935] [main/DEBUG] [io.netty.util.internal.PlatformDependent0/]: direct buffer constructor: unavailable: Reflective setAccessible(true) disabled
[19Jul2026 15:07:29.935] [main/DEBUG] [io.netty.util.internal.PlatformDependent0/]: java.nio.Bits.unaligned: available, true
[19Jul2026 15:07:29.936] [main/DEBUG] [io.netty.util.internal.PlatformDependent0/]: jdk.internal.misc.Unsafe.allocateUninitializedArray(int): unavailable: class io.netty.util.internal.PlatformDependent0$7 (in module io.netty.common) cannot access class jdk.internal.misc.Unsafe (in module java.base) because module java.base does not export jdk.internal.misc to module io.netty.common
[19Jul2026 15:07:29.936] [main/DEBUG] [io.netty.util.internal.PlatformDependent0/]: java.nio.DirectByteBuffer.<init>(long, {int,long}): unavailable
[19Jul2026 15:07:29.937] [main/DEBUG] [io.netty.util.internal.PlatformDependent/]: sun.misc.Unsafe: available
[19Jul2026 15:07:29.937] [main/DEBUG] [io.netty.util.internal.PlatformDependent/]: maxDirectMemory: 16559112192 bytes (maybe)
[19Jul2026 15:07:29.937] [main/DEBUG] [io.netty.util.internal.PlatformDependent/]: -Dio.netty.tmpdir: C:\Users\delta\AppData\Local\Temp (java.io.tmpdir)
[19Jul2026 15:07:29.937] [main/DEBUG] [io.netty.util.internal.PlatformDependent/]: -Dio.netty.bitMode: 64 (sun.arch.data.model)
[19Jul2026 15:07:29.937] [main/DEBUG] [io.netty.util.internal.PlatformDependent/]: Platform: Windows
[19Jul2026 15:07:29.938] [main/DEBUG] [io.netty.util.internal.PlatformDependent/]: -Dio.netty.maxDirectMemory: -1 bytes
[19Jul2026 15:07:29.938] [main/DEBUG] [io.netty.util.internal.PlatformDependent/]: -Dio.netty.uninitializedArrayAllocationThreshold: -1
[19Jul2026 15:07:29.939] [main/DEBUG] [io.netty.util.internal.CleanerJava9/]: java.nio.ByteBuffer.cleaner(): available
[19Jul2026 15:07:29.939] [main/DEBUG] [io.netty.util.internal.PlatformDependent/]: -Dio.netty.noPreferDirect: false
[19Jul2026 15:07:30.653] [main/DEBUG] [mixin/]: Mixing ui.InventoryMenuMixin from ldlib2.mixins.json into net.minecraft.world.inventory.InventoryMenu
[19Jul2026 15:07:30.654] [main/DEBUG] [mixin/]: Renaming synthetic method lambda$ldlib2$onInit$1(Lnet/minecraft/world/entity/player/Player;)V to md557591$ldlib2$lambda$ldlib2$onInit$1$0 in ldlib2.mixins.json:ui.InventoryMenuMixin from mod ldlib2
[19Jul2026 15:07:30.655] [main/DEBUG] [mixin/]: Renaming synthetic method lambda$ldlib2$onInit$0(Lnet/minecraft/world/entity/player/Player;)V to md557591$ldlib2$lambda$ldlib2$onInit$0$1 in ldlib2.mixins.json:ui.InventoryMenuMixin from mod ldlib2
[19Jul2026 15:07:30.665] [main/DEBUG] [mixin/]: ldlib2.mixins.json:ui.InventoryMenuMixin from mod ldlib2->@Inject::ldlib2$onInit(Lnet/minecraft/world/entity/player/Inventory;ZLnet/minecraft/world/entity/player/Player;Lorg/spongepowered/asm/mixin/injection/callback/CallbackInfo;)V doesn't use it's CallbackInfo
[19Jul2026 15:07:30.665] [main/DEBUG] [mixin/]: ldlib2.mixins.json:ui.InventoryMenuMixin from mod ldlib2->@Inject::ldlib2$onInit(Lnet/minecraft/world/entity/player/Inventory;ZLnet/minecraft/world/entity/player/Player;Lorg/spongepowered/asm/mixin/injection/callback/CallbackInfo;)V has 0 override(s) in child classes
[19Jul2026 15:07:30.665] [main/DEBUG] [mixin/]: ldlib2.mixins.json:ui.InventoryMenuMixin from mod ldlib2->@Inject::ldlib2$onInit(Lnet/minecraft/world/entity/player/Inventory;ZLnet/minecraft/world/entity/player/Player;Lorg/spongepowered/asm/mixin/injection/callback/CallbackInfo;)V won't be passed a CallbackInfo as a result
[19Jul2026 15:07:30.971] [main/DEBUG] [mixin/]: Mixing ui.MenuTypeMixin from ldlib2.mixins.json into net.minecraft.world.inventory.MenuType
[19Jul2026 15:07:30.975] [main/DEBUG] [mixin/]: ldlib2.mixins.json:ui.MenuTypeMixin from mod ldlib2->@Inject::ldlib2$create1(ILnet/minecraft/world/entity/player/Inventory;Lorg/spongepowered/asm/mixin/injection/callback/CallbackInfoReturnable;)V does use it's CallbackInfoReturnable
[19Jul2026 15:07:30.975] [main/DEBUG] [mixin/]: ldlib2.mixins.json:ui.MenuTypeMixin from mod ldlib2->@Inject::ldlib2$create2$return(ILnet/minecraft/world/entity/player/Inventory;Lnet/minecraft/network/RegistryFriendlyByteBuf;Lorg/spongepowered/asm/mixin/injection/callback/CallbackInfoReturnable;)V does use it's CallbackInfoReturnable
[19Jul2026 15:07:30.975] [main/DEBUG] [mixin/]: ldlib2.mixins.json:ui.MenuTypeMixin from mod ldlib2->@Inject::ldlib2$create2$return(ILnet/minecraft/world/entity/player/Inventory;Lnet/minecraft/network/RegistryFriendlyByteBuf;Lorg/spongepowered/asm/mixin/injection/callback/CallbackInfoReturnable;)V does use it's CallbackInfoReturnable
[19Jul2026 15:07:30.978] [main/DEBUG] [mixin/]: Mixing accessor.SlotAccessor from ldlib2.mixins.json into net.minecraft.world.inventory.Slot
[19Jul2026 15:07:31.105] [main/DEBUG] [mixin/]: Mixing accessor.DelegatingOpsAccessor from ldlib2.mixins.json into net.minecraft.resources.DelegatingOps
[19Jul2026 15:07:31.992] [main/WARN] [net.minecraft.commands.Commands/]: Ambiguity between arguments [teleport, location] and [teleport, destination] with inputs: [0.1 -0.5 .9, 0 0 0]
[19Jul2026 15:07:31.992] [main/WARN] [net.minecraft.commands.Commands/]: Ambiguity between arguments [teleport, location] and [teleport, targets] with inputs: [0.1 -0.5 .9, 0 0 0]
[19Jul2026 15:07:31.994] [main/WARN] [net.minecraft.commands.Commands/]: Ambiguity between arguments [teleport, destination] and [teleport, targets] with inputs: [Player, 0123, @e, dd12be42-52a9-4a91-a8a1-11c01849e498]
[19Jul2026 15:07:31.995] [main/WARN] [net.minecraft.commands.Commands/]: Ambiguity between arguments [teleport, targets] and [teleport, destination] with inputs: [Player, 0123, dd12be42-52a9-4a91-a8a1-11c01849e498]
[19Jul2026 15:07:31.995] [main/WARN] [net.minecraft.commands.Commands/]: Ambiguity between arguments [teleport, targets, location] and [teleport, targets, destination] with inputs: [0.1 -0.5 .9, 0 0 0]
[19Jul2026 15:07:32.023] [main/DEBUG] [net.neoforged.fml.ModWorkManager/LOADING]: Using 16 threads for parallel mod-loading
[19Jul2026 15:07:32.041] [main/DEBUG] [net.neoforged.fml.javafmlmod.FMLModContainer/LOADING]: Creating FMLModContainer instance for [com.lowdragmc.lowdraglib2.LDLib2]
[19Jul2026 15:07:32.047] [main/DEBUG] [net.neoforged.fml.javafmlmod.FMLModContainer/LOADING]: Creating FMLModContainer instance for [com.admin82.factions.AdminsFactions]
[19Jul2026 15:07:32.049] [main/DEBUG] [net.neoforged.fml.javafmlmod.FMLModContainer/LOADING]: Creating FMLModContainer instance for [net.neoforged.neoforge.common.NeoForgeMod]
[19Jul2026 15:07:32.058] [modloading-worker-0/INFO] [LowDragLib2/]: LowDragLib2 is initializing on platform: NeoForge
[19Jul2026 15:07:32.073] [modloading-worker-0/DEBUG] [net.neoforged.neoforge.internal.versions.neoforge.NeoForgeVersion/CORE]: Found NeoForge version 21.1.234
[19Jul2026 15:07:32.074] [modloading-worker-0/DEBUG] [net.neoforged.neoforge.internal.versions.neoforge.NeoForgeVersion/CORE]: Found FML version 4.0.42
[19Jul2026 15:07:32.074] [modloading-worker-0/INFO] [net.neoforged.neoforge.common.NeoForgeMod/NEOFORGE-MOD]: NeoForge mod loading, version 21.1.234, for MC 1.21.1
[19Jul2026 15:07:32.102] [modloading-worker-0/DEBUG] [net.neoforged.fml.config.ConfigTracker/CONFIG]: Config file neoforge-client.toml for neoforge tracking
[19Jul2026 15:07:32.102] [modloading-worker-0/DEBUG] [net.neoforged.fml.config.ConfigTracker/CONFIG]: Config file neoforge-server.toml for neoforge tracking
[19Jul2026 15:07:32.102] [modloading-worker-0/DEBUG] [net.neoforged.fml.config.ConfigTracker/CONFIG]: Config file neoforge-common.toml for neoforge tracking
[19Jul2026 15:07:32.133] [modloading-worker-0/DEBUG] [net.neoforged.fml.javafmlmod.AutomaticEventSubscriber/LOADING]: Attempting to inject @EventBusSubscriber classes into the eventbus for neoforge
[19Jul2026 15:07:32.134] [modloading-worker-0/DEBUG] [net.neoforged.fml.javafmlmod.AutomaticEventSubscriber/LOADING]: Scanning class net.neoforged.neoforge.network.filters.GenericPacketSplitter for @SubscribeEvent-annotated methods
[19Jul2026 15:07:32.148] [modloading-worker-0/DEBUG] [io.netty.buffer.AbstractByteBuf/]: -Dio.netty.buffer.checkAccessible: true
[19Jul2026 15:07:32.148] [modloading-worker-0/DEBUG] [io.netty.buffer.AbstractByteBuf/]: -Dio.netty.buffer.checkBounds: true
[19Jul2026 15:07:32.150] [modloading-worker-0/DEBUG] [io.netty.util.ResourceLeakDetectorFactory/]: Loaded default ResourceLeakDetector: io.netty.util.ResourceLeakDetector@38e7ea12
[19Jul2026 15:07:32.158] [modloading-worker-0/DEBUG] [io.netty.util.internal.InternalThreadLocalMap/]: -Dio.netty.threadLocalMap.stringBuilder.initialSize: 1024
[19Jul2026 15:07:32.158] [modloading-worker-0/DEBUG] [io.netty.util.internal.InternalThreadLocalMap/]: -Dio.netty.threadLocalMap.stringBuilder.maxSize: 4096
[19Jul2026 15:07:32.160] [modloading-worker-0/DEBUG] [io.netty.buffer.PooledByteBufAllocator/]: -Dio.netty.allocator.numHeapArenas: 32
[19Jul2026 15:07:32.160] [modloading-worker-0/DEBUG] [io.netty.buffer.PooledByteBufAllocator/]: -Dio.netty.allocator.numDirectArenas: 32
[19Jul2026 15:07:32.160] [modloading-worker-0/DEBUG] [io.netty.buffer.PooledByteBufAllocator/]: -Dio.netty.allocator.pageSize: 8192
[19Jul2026 15:07:32.160] [modloading-worker-0/DEBUG] [io.netty.buffer.PooledByteBufAllocator/]: -Dio.netty.allocator.maxOrder: 9
[19Jul2026 15:07:32.160] [modloading-worker-0/DEBUG] [io.netty.buffer.PooledByteBufAllocator/]: -Dio.netty.allocator.chunkSize: 4194304
[19Jul2026 15:07:32.160] [modloading-worker-0/DEBUG] [io.netty.buffer.PooledByteBufAllocator/]: -Dio.netty.allocator.smallCacheSize: 256
[19Jul2026 15:07:32.160] [modloading-worker-0/DEBUG] [io.netty.buffer.PooledByteBufAllocator/]: -Dio.netty.allocator.normalCacheSize: 64
[19Jul2026 15:07:32.160] [modloading-worker-0/DEBUG] [io.netty.buffer.PooledByteBufAllocator/]: -Dio.netty.allocator.maxCachedBufferCapacity: 32768
[19Jul2026 15:07:32.160] [modloading-worker-0/DEBUG] [io.netty.buffer.PooledByteBufAllocator/]: -Dio.netty.allocator.cacheTrimInterval: 8192
[19Jul2026 15:07:32.161] [modloading-worker-0/DEBUG] [io.netty.buffer.PooledByteBufAllocator/]: -Dio.netty.allocator.cacheTrimIntervalMillis: 0
[19Jul2026 15:07:32.161] [modloading-worker-0/DEBUG] [io.netty.buffer.PooledByteBufAllocator/]: -Dio.netty.allocator.useCacheForAllThreads: false
[19Jul2026 15:07:32.161] [modloading-worker-0/DEBUG] [io.netty.buffer.PooledByteBufAllocator/]: -Dio.netty.allocator.maxCachedByteBuffersPerChunk: 1023
[19Jul2026 15:07:32.166] [modloading-worker-0/DEBUG] [io.netty.buffer.ByteBufUtil/]: -Dio.netty.allocator.type: pooled
[19Jul2026 15:07:32.168] [modloading-worker-0/DEBUG] [io.netty.buffer.ByteBufUtil/]: -Dio.netty.threadLocalDirectBufferSize: 0
[19Jul2026 15:07:32.168] [modloading-worker-0/DEBUG] [io.netty.buffer.ByteBufUtil/]: -Dio.netty.maxThreadLocalCharBufferSize: 16384
[19Jul2026 15:07:32.172] [modloading-worker-0/DEBUG] [net.neoforged.fml.javafmlmod.AutomaticEventSubscriber/]: Subscribing @EventBusSubscriber class Lnet/neoforged/neoforge/network/filters/GenericPacketSplitter; to the mod event bus of mod neoforge
[19Jul2026 15:07:32.173] [modloading-worker-0/DEBUG] [net.neoforged.fml.javafmlmod.AutomaticEventSubscriber/LOADING]: Scanning class net.neoforged.neoforge.network.NetworkInitialization for @SubscribeEvent-annotated methods
[19Jul2026 15:07:32.174] [modloading-worker-0/DEBUG] [net.neoforged.fml.javafmlmod.AutomaticEventSubscriber/]: Subscribing @EventBusSubscriber class Lnet/neoforged/neoforge/network/NetworkInitialization; to the mod event bus of mod neoforge
[19Jul2026 15:07:32.174] [modloading-worker-0/DEBUG] [net.neoforged.fml.javafmlmod.AutomaticEventSubscriber/LOADING]: Scanning class net.neoforged.neoforge.network.ConfigurationInitialization for @SubscribeEvent-annotated methods
[19Jul2026 15:07:32.175] [modloading-worker-0/DEBUG] [net.neoforged.fml.javafmlmod.AutomaticEventSubscriber/]: Subscribing @EventBusSubscriber class Lnet/neoforged/neoforge/network/ConfigurationInitialization; to the mod event bus of mod neoforge
[19Jul2026 15:07:32.175] [modloading-worker-0/DEBUG] [net.neoforged.fml.javafmlmod.AutomaticEventSubscriber/LOADING]: Scanning class net.neoforged.neoforge.common.MonsterRoomHooks for @SubscribeEvent-annotated methods
[19Jul2026 15:07:32.176] [modloading-worker-0/DEBUG] [net.neoforged.fml.javafmlmod.AutomaticEventSubscriber/]: Subscribing @EventBusSubscriber class Lnet/neoforged/neoforge/common/MonsterRoomHooks; to the game event bus
[19Jul2026 15:07:32.176] [modloading-worker-0/DEBUG] [net.neoforged.fml.javafmlmod.AutomaticEventSubscriber/LOADING]: Scanning class net.neoforged.neoforge.common.DeferredSpawnEggItem$CommonHandler for @SubscribeEvent-annotated methods
[19Jul2026 15:07:32.176] [modloading-worker-0/DEBUG] [net.neoforged.fml.javafmlmod.AutomaticEventSubscriber/]: Subscribing @EventBusSubscriber class Lnet/neoforged/neoforge/common/DeferredSpawnEggItem$CommonHandler; to the mod event bus of mod neoforge
[19Jul2026 15:07:32.178] [modloading-worker-0/DEBUG] [net.neoforged.fml.javafmlmod.AutomaticEventSubscriber/LOADING]: Scanning class net.neoforged.neoforge.attachment.AttachmentSync for @SubscribeEvent-annotated methods
[19Jul2026 15:07:32.180] [modloading-worker-0/DEBUG] [net.neoforged.fml.javafmlmod.AutomaticEventSubscriber/]: Subscribing @EventBusSubscriber class Lnet/neoforged/neoforge/attachment/AttachmentSync; to the game event bus
[19Jul2026 15:07:32.180] [modloading-worker-0/DEBUG] [net.neoforged.fml.javafmlmod.AutomaticEventSubscriber/LOADING]: Scanning class net.neoforged.neoforge.attachment.AttachmentInternals for @SubscribeEvent-annotated methods
[19Jul2026 15:07:32.180] [modloading-worker-0/DEBUG] [net.neoforged.fml.javafmlmod.AutomaticEventSubscriber/]: Subscribing @EventBusSubscriber class Lnet/neoforged/neoforge/attachment/AttachmentInternals; to the game event bus
[19Jul2026 15:07:32.250] [modloading-worker-0/DEBUG] [net.neoforged.fml.javafmlmod.AutomaticEventSubscriber/LOADING]: Attempting to inject @EventBusSubscriber classes into the eventbus for ldlib2
[19Jul2026 15:07:32.250] [modloading-worker-0/DEBUG] [net.neoforged.fml.javafmlmod.AutomaticEventSubscriber/LOADING]: Scanning class com.lowdragmc.lowdraglib2.CommonListeners for @SubscribeEvent-annotated methods
[19Jul2026 15:07:32.250] [modloading-worker-0/DEBUG] [net.neoforged.fml.javafmlmod.AutomaticEventSubscriber/]: Subscribing @EventBusSubscriber class Lcom/lowdragmc/lowdraglib2/CommonListeners; to the game event bus
[19Jul2026 15:07:32.265] [modloading-worker-0/DEBUG] [net.neoforged.fml.config.ConfigTracker/CONFIG]: Config file adminsfactions-common.toml for adminsfactions tracking
[19Jul2026 15:07:32.265] [modloading-worker-0/DEBUG] [net.neoforged.fml.javafmlmod.AutomaticEventSubscriber/LOADING]: Attempting to inject @EventBusSubscriber classes into the eventbus for adminsfactions
[19Jul2026 15:07:32.265] [modloading-worker-0/DEBUG] [net.neoforged.fml.javafmlmod.AutomaticEventSubscriber/LOADING]: Scanning class com.admin82.factions.FactionCombatEvents for @SubscribeEvent-annotated methods
[19Jul2026 15:07:32.265] [modloading-worker-0/DEBUG] [net.neoforged.fml.javafmlmod.AutomaticEventSubscriber/]: Subscribing @EventBusSubscriber class Lcom/admin82/factions/FactionCombatEvents; to the game event bus
[19Jul2026 15:07:32.265] [modloading-worker-0/DEBUG] [net.neoforged.fml.javafmlmod.AutomaticEventSubscriber/LOADING]: Scanning class com.admin82.factions.FactionCommands for @SubscribeEvent-annotated methods
[19Jul2026 15:07:32.271] [modloading-worker-0/DEBUG] [net.neoforged.fml.javafmlmod.AutomaticEventSubscriber/]: Subscribing @EventBusSubscriber class Lcom/admin82/factions/FactionCommands; to the game event bus
[19Jul2026 15:07:32.271] [modloading-worker-0/DEBUG] [net.neoforged.fml.javafmlmod.AutomaticEventSubscriber/LOADING]: Scanning class com.admin82.factions.FactionTableEvents for @SubscribeEvent-annotated methods
[19Jul2026 15:07:32.274] [modloading-worker-0/DEBUG] [net.neoforged.fml.javafmlmod.AutomaticEventSubscriber/]: Subscribing @EventBusSubscriber class Lcom/admin82/factions/FactionTableEvents; to the game event bus
[19Jul2026 15:07:32.275] [modloading-worker-0/DEBUG] [net.neoforged.fml.javafmlmod.AutomaticEventSubscriber/LOADING]: Scanning class com.admin82.factions.FactionUpkeepEvents for @SubscribeEvent-annotated methods
[19Jul2026 15:07:32.276] [modloading-worker-0/DEBUG] [net.neoforged.fml.javafmlmod.AutomaticEventSubscriber/]: Subscribing @EventBusSubscriber class Lcom/admin82/factions/FactionUpkeepEvents; to the game event bus
[19Jul2026 15:07:32.276] [modloading-worker-0/DEBUG] [net.neoforged.fml.javafmlmod.AutomaticEventSubscriber/LOADING]: Scanning class com.admin82.factions.FactionWarEvents for @SubscribeEvent-annotated methods
[19Jul2026 15:07:32.280] [modloading-worker-0/DEBUG] [net.neoforged.fml.javafmlmod.AutomaticEventSubscriber/]: Subscribing @EventBusSubscriber class Lcom/admin82/factions/FactionWarEvents; to the game event bus
[19Jul2026 15:07:32.281] [modloading-worker-0/DEBUG] [net.neoforged.fml.javafmlmod.AutomaticEventSubscriber/LOADING]: Scanning class com.admin82.factions.OutpostEvents for @SubscribeEvent-annotated methods
[19Jul2026 15:07:32.282] [modloading-worker-0/DEBUG] [net.neoforged.fml.javafmlmod.AutomaticEventSubscriber/]: Subscribing @EventBusSubscriber class Lcom/admin82/factions/OutpostEvents; to the game event bus
[19Jul2026 15:07:32.403] [modloading-sync-worker/DEBUG] [net.neoforged.fml.config.ConfigTracker/CONFIG]: Loading configs type COMMON
[19Jul2026 15:07:32.409] [modloading-sync-worker/DEBUG] [net.neoforged.neoforge.common.NeoForgeConfig/FORGEMOD]: Loaded NeoForge config file neoforge-common.toml
[19Jul2026 15:07:32.409] [modloading-sync-worker/DEBUG] [net.neoforged.fml.config.ConfigTracker/CONFIG]: Loaded TOML config file C:\Users\delta\Documents\github\Admin82-s-Factions\run\config\neoforge-common.toml
[19Jul2026 15:07:32.413] [modloading-sync-worker/DEBUG] [net.neoforged.fml.config.ConfigTracker/CONFIG]: Watching TOML config file C:\Users\delta\Documents\github\Admin82-s-Factions\run\config\neoforge-common.toml for changes
[19Jul2026 15:07:32.415] [modloading-sync-worker/DEBUG] [net.neoforged.fml.config.ConfigTracker/CONFIG]: Loaded TOML config file C:\Users\delta\Documents\github\Admin82-s-Factions\run\config\adminsfactions-common.toml
[19Jul2026 15:07:32.415] [modloading-sync-worker/DEBUG] [net.neoforged.fml.config.ConfigTracker/CONFIG]: Watching TOML config file C:\Users\delta\Documents\github\Admin82-s-Factions\run\config\adminsfactions-common.toml for changes
[19Jul2026 15:07:32.415] [modloading-worker-0/INFO] [com.admin82.factions.AdminsFactions/]: Admin's Factions — common setup complete.
[19Jul2026 15:07:32.418] [modloading-sync-worker/DEBUG] [net.neoforged.fml.DeferredWorkQueue/LOADING]: Dispatching synchronous work for work queue Common setup: 1 jobs
[19Jul2026 15:07:32.421] [modloading-sync-worker/DEBUG] [net.neoforged.fml.DeferredWorkQueue/LOADING]: Synchronous work queue completed in 1.759 ms
[19Jul2026 15:07:32.558] [main/INFO] [com.mojang.authlib.yggdrasil.YggdrasilAuthenticationService/]: Environment: Environment[sessionHost=https://sessionserver.mojang.com, servicesHost=https://api.minecraftservices.com, name=PROD]
[19Jul2026 15:07:32.625] [main/WARN] [net.minecraft.server.packs.VanillaPackResourcesBuilder/]: Assets URL 'union:/C:/Users/delta/Documents/github/Admin82-s-Factions/build/moddev/artifacts/neoforge-21.1.234.jar%23125!/assets/.mcassetsroot' uses unexpected schema
[19Jul2026 15:07:32.625] [main/WARN] [net.minecraft.server.packs.VanillaPackResourcesBuilder/]: Assets URL 'union:/C:/Users/delta/Documents/github/Admin82-s-Factions/build/moddev/artifacts/neoforge-21.1.234.jar%23125!/data/.mcassetsroot' uses unexpected schema
[19Jul2026 15:07:32.630] [main/DEBUG] [mixin/]: Mixing PackConfigMixin from ldlib2.mixins.json into net.minecraft.server.WorldLoader$PackConfig
[19Jul2026 15:07:32.640] [main/DEBUG] [mixin/]: Mixing ReloadableServerResourcesMixin from ldlib2.mixins.json into net.minecraft.server.ReloadableServerResources
[19Jul2026 15:07:32.642] [main/DEBUG] [mixin/]: ldlib2.mixins.json:ReloadableServerResourcesMixin from mod ldlib2->@Inject::ldlib2$captureEarlyRegistries(Lnet/minecraft/server/packs/resources/ResourceManager;Lnet/minecraft/core/LayeredRegistryAccess;Lnet/minecraft/world/flag/FeatureFlagSet;Lnet/minecraft/commands/Commands$CommandSelection;ILjava/util/concurrent/Executor;Ljava/util/concurrent/Executor;Lorg/spongepowered/asm/mixin/injection/callback/CallbackInfoReturnable;)V doesn't use it's CallbackInfoReturnable
[19Jul2026 15:07:32.645] [main/DEBUG] [mixin/]: Mixing WorldLoaderMixin from ldlib2.mixins.json into net.minecraft.server.WorldLoader
[19Jul2026 15:07:32.654] [main/DEBUG] [mixin/]: ldlib2.mixins.json:WorldLoaderMixin from mod ldlib2->@Inject::ldlib2$loadResourceManager(Lnet/minecraft/server/WorldLoader$InitConfig;Lnet/minecraft/server/WorldLoader$WorldDataSupplier;Lnet/minecraft/server/WorldLoader$ResultFactory;Ljava/util/concurrent/Executor;Ljava/util/concurrent/Executor;Lorg/spongepowered/asm/mixin/injection/callback/CallbackInfoReturnable;)V doesn't use it's CallbackInfoReturnable
[19Jul2026 15:07:32.654] [main/DEBUG] [mixin/]: ldlib2.mixins.json:WorldLoaderMixin from mod ldlib2->@Inject::ldlib2$closeResourceManager(Lnet/minecraft/server/packs/resources/CloseableResourceManager;Lnet/minecraft/server/ReloadableServerResources;Ljava/lang/Throwable;Lorg/spongepowered/asm/mixin/injection/callback/CallbackInfo;)V doesn't use it's CallbackInfo
[19Jul2026 15:07:33.475] [main/INFO] [net.minecraft.world.item.crafting.RecipeManager/]: Loaded 1294 recipes
[19Jul2026 15:07:33.598] [main/INFO] [net.minecraft.advancements.AdvancementTree/]: Loaded 1399 advancements
[19Jul2026 15:07:33.962] [main/DEBUG] [net.neoforged.neoforge.common.CommonHooks/WP]: Gathered mod list to write to world save world
[19Jul2026 15:07:33.999] [Server thread/INFO] [net.minecraft.server.dedicated.DedicatedServer/]: Starting minecraft server version 1.21.1
[19Jul2026 15:07:34.000] [Server thread/INFO] [net.minecraft.server.dedicated.DedicatedServer/]: Loading properties
[19Jul2026 15:07:34.000] [Server thread/INFO] [net.minecraft.server.dedicated.DedicatedServer/]: Default game type: SURVIVAL
[19Jul2026 15:07:34.001] [Server thread/INFO] [net.minecraft.server.MinecraftServer/]: Generating keypair
[19Jul2026 15:07:34.061] [Server thread/INFO] [net.minecraft.server.dedicated.DedicatedServer/]: Starting Minecraft server on *:25565
[19Jul2026 15:07:34.061] [Server thread/DEBUG] [net.neoforged.neoforge.network.DualStackUtils/]: Detected IPv6 address: "0:0:0:0:0:0:0:0"
[19Jul2026 15:07:34.070] [Server thread/DEBUG] [io.netty.channel.MultithreadEventLoopGroup/]: -Dio.netty.eventLoopThreads: 32
[19Jul2026 15:07:34.075] [Server thread/DEBUG] [io.netty.util.concurrent.GlobalEventExecutor/]: -Dio.netty.globalEventExecutor.quietPeriodSeconds: 1
[19Jul2026 15:07:34.080] [Server thread/DEBUG] [io.netty.channel.nio.NioEventLoop/]: -Dio.netty.noKeySetOptimization: false
[19Jul2026 15:07:34.080] [Server thread/DEBUG] [io.netty.channel.nio.NioEventLoop/]: -Dio.netty.selectorAutoRebuildThreshold: 512
[19Jul2026 15:07:34.082] [Server thread/DEBUG] [io.netty.util.internal.PlatformDependent/]: org.jctools-core.MpscChunkedArrayQueue: available
[19Jul2026 15:07:34.105] [Server thread/INFO] [net.minecraft.server.network.ServerConnectionListener/]: Using default channel type
[19Jul2026 15:07:34.113] [Server thread/DEBUG] [io.netty.channel.DefaultChannelId/]: -Dio.netty.processId: 31720 (auto-detected)
[19Jul2026 15:07:34.114] [Server thread/DEBUG] [io.netty.util.NetUtil/]: -Djava.net.preferIPv4Stack: false
[19Jul2026 15:07:34.114] [Server thread/DEBUG] [io.netty.util.NetUtil/]: -Djava.net.preferIPv6Addresses: true
[19Jul2026 15:07:34.116] [Server thread/DEBUG] [io.netty.util.NetUtilInitializations/]: Loopback interface: loopback_0 (Software Loopback Interface 1, 0:0:0:0:0:0:0:1)
[19Jul2026 15:07:34.117] [Server thread/DEBUG] [io.netty.util.NetUtil/]: Failed to get SOMAXCONN from sysctl and file \proc\sys\net\core\somaxconn. Default: 200
[19Jul2026 15:07:34.118] [Server thread/DEBUG] [io.netty.channel.DefaultChannelId/]: -Dio.netty.machineId: a0:ad:9f:ff:fe:89:b7:f1 (auto-detected)
[19Jul2026 15:07:34.126] [Server thread/WARN] [net.minecraft.server.dedicated.DedicatedServer/]: **** SERVER IS RUNNING IN OFFLINE/INSECURE MODE!
[19Jul2026 15:07:34.127] [Server thread/WARN] [net.minecraft.server.dedicated.DedicatedServer/]: The server will make no attempt to authenticate usernames. Beware.
[19Jul2026 15:07:34.127] [Server thread/WARN] [net.minecraft.server.dedicated.DedicatedServer/]: While this makes the game possible to play without internet access, it also opens up the ability for hackers to connect with any username they choose.
[19Jul2026 15:07:34.127] [Server thread/WARN] [net.minecraft.server.dedicated.DedicatedServer/]: To change this, set "online-mode" to "true" in the server.properties file.
[19Jul2026 15:07:34.135] [Server thread/DEBUG] [net.neoforged.fml.config.ConfigTracker/CONFIG]: Loading configs type SERVER
[19Jul2026 15:07:34.135] [Server thread/DEBUG] [net.neoforged.neoforge.common.NeoForgeConfig/FORGEMOD]: Loaded NeoForge config file neoforge-server.toml
[19Jul2026 15:07:34.135] [Server thread/DEBUG] [net.neoforged.fml.config.ConfigTracker/CONFIG]: Loaded TOML config file C:\Users\delta\Documents\github\Admin82-s-Factions\run\config\neoforge-server.toml
[19Jul2026 15:07:34.136] [Server thread/DEBUG] [net.neoforged.fml.config.ConfigTracker/CONFIG]: Watching TOML config file C:\Users\delta\Documents\github\Admin82-s-Factions\run\config\neoforge-server.toml for changes
[19Jul2026 15:07:34.153] [Server thread/INFO] [net.minecraft.server.dedicated.DedicatedServer/]: Preparing level "world"
[19Jul2026 15:07:34.741] [Server thread/INFO] [net.minecraft.server.MinecraftServer/]: Preparing start region for dimension minecraft:overworld
[19Jul2026 15:07:35.087] [worldgen/INFO] [net.minecraft.server.level.progress.LoggerChunkProgressListener/]: Preparing spawn area: 0%
[19Jul2026 15:07:35.186] [Server thread/INFO] [net.minecraft.server.level.progress.LoggerChunkProgressListener/]: Time elapsed: 446 ms
[19Jul2026 15:07:35.186] [Server thread/INFO] [net.minecraft.server.dedicated.DedicatedServer/]: Done (1.052s)! For help, type "help"
[19Jul2026 15:07:35.191] [Server thread/DEBUG] [net.neoforged.neoforge.network.DualStackUtils/]: Detected IPv6 address: "0:0:0:0:0:0:0:0"
[19Jul2026 15:07:35.203] [Server thread/DEBUG] [net.neoforged.neoforge.server.LanguageHook/]: Loaded 5 language files for en_us
[19Jul2026 15:07:35.206] [Server thread/INFO] [net.neoforged.neoforge.gametest.GameTestHooks/]: Enabled Gametest Namespaces: [adminsfactions]
[19Jul2026 15:07:35.232] [Server thread/INFO] [net.neoforged.neoforge.server.permission.PermissionAPI/]: Successfully initialized permission handler neoforge:default_handler
[19Jul2026 15:07:55.920] [Netty Server IO #1/DEBUG] [io.netty.util.Recycler/]: -Dio.netty.recycler.maxCapacityPerThread: 4096
[19Jul2026 15:07:55.920] [Netty Server IO #1/DEBUG] [io.netty.util.Recycler/]: -Dio.netty.recycler.ratio: 8
[19Jul2026 15:07:55.920] [Netty Server IO #1/DEBUG] [io.netty.util.Recycler/]: -Dio.netty.recycler.chunkSize: 32
[19Jul2026 15:07:55.920] [Netty Server IO #1/DEBUG] [io.netty.util.Recycler/]: -Dio.netty.recycler.blocking: false
[19Jul2026 15:07:55.921] [Netty Server IO #1/DEBUG] [io.netty.util.Recycler/]: -Dio.netty.recycler.batchFastThreadLocalOnly: true
[19Jul2026 15:07:55.982] [Netty Server IO #1/DEBUG] [net.neoforged.neoforge.network.filters.NetworkFilters/]: Injected net.neoforged.neoforge.network.filters.GenericPacketSplitter@548b1121 into net.minecraft.network.Connection@396992ec
[19Jul2026 15:07:56.449] [Netty Server IO #1/DEBUG] [net.neoforged.neoforge.network.filters.NetworkFilters/]: Injected net.neoforged.neoforge.network.filters.GenericPacketSplitter@2d7cf139 into net.minecraft.network.Connection@396992ec
[19Jul2026 15:07:56.495] [Server thread/INFO] [net.minecraft.server.players.PlayerList/]: Dev[/[fdfd::1a34:1d42]:63260] logged in with entity id 36 at (57.95184635682368, 86.72276738362001, 111.30649918957624)
[19Jul2026 15:07:56.591] [Server thread/INFO] [net.minecraft.server.MinecraftServer/]: Dev joined the game
[19Jul2026 15:07:56.848] [Netty Server IO #2/DEBUG] [net.neoforged.neoforge.network.filters.NetworkFilters/]: Injected net.neoforged.neoforge.network.filters.GenericPacketSplitter@506c7e47 into net.minecraft.network.Connection@156eea2e
[19Jul2026 15:07:57.776] [Netty Server IO #2/DEBUG] [net.neoforged.neoforge.network.filters.NetworkFilters/]: Injected net.neoforged.neoforge.network.filters.GenericPacketSplitter@4855fb94 into net.minecraft.network.Connection@156eea2e
[19Jul2026 15:07:57.790] [Server thread/INFO] [net.minecraft.server.players.PlayerList/]: Player2[/[fdfd::1a34:1d42]:63261] logged in with entity id 157 at (60.39581476876477, 88.79564321801776, 116.48981002779058)
[19Jul2026 15:07:57.793] [Server thread/INFO] [net.minecraft.server.MinecraftServer/]: Player2 joined the game
[19Jul2026 15:08:12.309] [Server thread/INFO] [net.minecraft.server.MinecraftServer/]: [Dev: Faction return cooldown set to 30s.]
[19Jul2026 15:10:17.388] [Server thread/INFO] [net.minecraft.server.network.ServerGamePacketListenerImpl/]: Player2 lost connection: Disconnected
[19Jul2026 15:10:17.389] [Server thread/INFO] [net.minecraft.server.MinecraftServer/]: Player2 left the game
[19Jul2026 15:10:19.038] [Server thread/INFO] [net.minecraft.server.network.ServerGamePacketListenerImpl/]: Dev lost connection: Disconnected
[19Jul2026 15:10:19.038] [Server thread/INFO] [net.minecraft.server.MinecraftServer/]: Dev left the game
iptor=, targetType=cpw.mods.modlauncher.api.TargetType@5e1fa5b1], Target[className=net/minecraft/world/entity/monster/Spider, elementName=, elementDescriptor=, targetType=cpw.mods.modlauncher.api.TargetType@5e1fa5b1], Target[className=net/minecraft/world/level/levelgen/structure/structures/OceanRuinPieces$OceanRuinPiece, elementName=, elementDescriptor=, targetType=cpw.mods.modlauncher.api.TargetType@5e1fa5b1], Target[className=net/minecraft/world/level/levelgen/structure/templatesystem/StructureTemplate, elementName=, elementDescriptor=, targetType=cpw.mods.modlauncher.api.TargetType@5e1fa5b1], Target[className=net/minecraft/world/entity/monster/Zombie, elementName=, elementDescriptor=, targetType=cpw.mods.modlauncher.api.TargetType@5e1fa5b1], Target[className=net/minecraft/world/level/levelgen/structure/structures/SwampHutPiece, elementName=, elementDescriptor=, targetType=cpw.mods.modlauncher.api.TargetType@5e1fa5b1], Target[className=net/minecraft/world/entity/raid/Raid, elementName=, elementDescriptor=, targetType=cpw.mods.modlauncher.api.TargetType@5e1fa5b1], Target[className=net/minecraft/world/entity/monster/Evoker$EvokerSummonSpellGoal, elementName=, elementDescriptor=, targetType=cpw.mods.modlauncher.api.TargetType@5e1fa5b1], Target[className=net/minecraft/server/commands/SummonCommand, elementName=, elementDescriptor=, targetType=cpw.mods.modlauncher.api.TargetType@5e1fa5b1], Target[className=net/minecraft/world/level/levelgen/structure/structures/WoodlandMansionPieces$WoodlandMansionPiece, elementName=, elementDescriptor=, targetType=cpw.mods.modlauncher.api.TargetType@5e1fa5b1], Target[className=net/minecraft/world/entity/ai/village/VillageSiege, elementName=, elementDescriptor=, targetType=cpw.mods.modlauncher.api.TargetType@5e1fa5b1], Target[className=net/minecraft/server/commands/RaidCommand, elementName=, elementDescriptor=, targetType=cpw.mods.modlauncher.api.TargetType@5e1fa5b1], Target[className=net/minecraft/world/entity/animal/horse/SkeletonTrapGoal, elementName=, elementDescriptor=, targetType=cpw.mods.modlauncher.api.TargetType@5e1fa5b1], Target[className=net/minecraft/world/entity/npc/CatSpawner, elementName=, elementDescriptor=, targetType=cpw.mods.modlauncher.api.TargetType@5e1fa5b1], Target[className=net/minecraft/world/entity/EntityType, elementName=, elementDescriptor=, targetType=cpw.mods.modlauncher.api.TargetType@5e1fa5b1], Target[className=net/minecraft/world/entity/monster/Strider, elementName=, elementDescriptor=, targetType=cpw.mods.modlauncher.api.TargetType@5e1fa5b1], Target[className=net/minecraft/world/level/levelgen/PatrolSpawner, elementName=, elementDescriptor=, targetType=cpw.mods.modlauncher.api.TargetType@5e1fa5b1], Target[className=net/minecraft/world/level/NaturalSpawner, elementName=, elementDescriptor=, targetType=cpw.mods.modlauncher.api.TargetType@5e1fa5b1], Target[className=net/minecraft/world/level/levelgen/structure/structures/OceanMonumentPieces$OceanMonumentPiece, elementName=, elementDescriptor=, targetType=cpw.mods.modlauncher.api.TargetType@5e1fa5b1], Target[className=net/minecraft/world/entity/animal/frog/Tadpole, elementName=, elementDescriptor=, targetType=cpw.mods.modlauncher.api.TargetType@5e1fa5b1], Target[className=net/minecraft/world/level/levelgen/PhantomSpawner, elementName=, elementDescriptor=, targetType=cpw.mods.modlauncher.api.TargetType@5e1fa5b1], Target[className=net/minecraft/world/entity/monster/ZombieVillager, elementName=, elementDescriptor=, targetType=cpw.mods.modlauncher.api.TargetType@5e1fa5b1]] transformer from core-mod net.neoforged.neoforge.coremods.NeoForgeCoreMod@6ee8dcd3 in neoforge-21.1.234.jar > net.neoforged.neoforge-coremods-21.1.234.jar
[19Jul2026 15:07:27.261] [main/DEBUG] [cpw.mods.modlauncher.TransformStore/MODLAUNCHER]: Adding transformer net.neoforged.neoforge.coremods.ReplaceFieldWithGetterAccess@344426bf to Target : cpw.mods.modlauncher.api.TargetType@5e1fa5b1 {Lnet/minecraft/world/level/biome/Biome;} {} {V}
[19Jul2026 15:07:27.265] [main/DEBUG] [cpw.mods.modlauncher.TransformStore/MODLAUNCHER]: Adding transformer net.neoforged.neoforge.coremods.ReplaceFieldWithGetterAccess@69da0b12 to Target : cpw.mods.modlauncher.api.TargetType@5e1fa5b1 {Lnet/minecraft/world/level/levelgen/structure/Structure;} {} {V}
[19Jul2026 15:07:27.265] [main/DEBUG] [cpw.mods.modlauncher.TransformStore/MODLAUNCHER]: Adding transformer net.neoforged.neoforge.coremods.ReplaceFieldWithGetterAccess@2764c546 to Target : cpw.mods.modlauncher.api.TargetType@5e1fa5b1 {Lnet/minecraft/world/level/block/FlowerPotBlock;} {} {V}
[19Jul2026 15:07:27.265] [main/DEBUG] [cpw.mods.modlauncher.TransformStore/MODLAUNCHER]: Adding transformer net.neoforged.neoforge.coremods.MethodRedirector@59496961 to Target : cpw.mods.modlauncher.api.TargetType@5e1fa5b1 {Lnet/minecraft/world/entity/npc/Villager;} {} {V}
[19Jul2026 15:07:27.265] [main/DEBUG] [cpw.mods.modlauncher.TransformStore/MODLAUNCHER]: Adding transformer net.neoforged.neoforge.coremods.MethodRedirector@59496961 to Target : cpw.mods.modlauncher.api.TargetType@5e1fa5b1 {Lnet/minecraft/world/entity/monster/Spider;} {} {V}
[19Jul2026 15:07:27.265] [main/DEBUG] [cpw.mods.modlauncher.TransformStore/MODLAUNCHER]: Adding transformer net.neoforged.neoforge.coremods.MethodRedirector@59496961 to Target : cpw.mods.modlauncher.api.TargetType@5e1fa5b1 {Lnet/minecraft/world/level/levelgen/structure/structures/OceanRuinPieces$OceanRuinPiece;} {} {V}
[19Jul2026 15:07:27.265] [main/DEBUG] [cpw.mods.modlauncher.TransformStore/MODLAUNCHER]: Adding transformer net.neoforged.neoforge.coremods.MethodRedirector@59496961 to Target : cpw.mods.modlauncher.api.TargetType@5e1fa5b1 {Lnet/minecraft/world/level/levelgen/structure/templatesystem/StructureTemplate;} {} {V}
[19Jul2026 15:07:27.265] [main/DEBUG] [cpw.mods.modlauncher.TransformStore/MODLAUNCHER]: Adding transformer net.neoforged.neoforge.coremods.MethodRedirector@59496961 to Target : cpw.mods.modlauncher.api.TargetType@5e1fa5b1 {Lnet/minecraft/world/entity/monster/Zombie;} {} {V}
[19Jul2026 15:07:27.266] [main/DEBUG] [cpw.mods.modlauncher.TransformStore/MODLAUNCHER]: Adding transformer net.neoforged.neoforge.coremods.MethodRedirector@59496961 to Target : cpw.mods.modlauncher.api.TargetType@5e1fa5b1 {Lnet/minecraft/world/level/levelgen/structure/structures/SwampHutPiece;} {} {V}
[19Jul2026 15:07:27.266] [main/DEBUG] [cpw.mods.modlauncher.TransformStore/MODLAUNCHER]: Adding transformer net.neoforged.neoforge.coremods.MethodRedirector@59496961 to Target : cpw.mods.modlauncher.api.TargetType@5e1fa5b1 {Lnet/minecraft/world/entity/raid/Raid;} {} {V}
[19Jul2026 15:07:27.266] [main/DEBUG] [cpw.mods.modlauncher.TransformStore/MODLAUNCHER]: Adding transformer net.neoforged.neoforge.coremods.MethodRedirector@59496961 to Target : cpw.mods.modlauncher.api.TargetType@5e1fa5b1 {Lnet/minecraft/world/entity/monster/Evoker$EvokerSummonSpellGoal;} {} {V}
[19Jul2026 15:07:27.266] [main/DEBUG] [cpw.mods.modlauncher.TransformStore/MODLAUNCHER]: Adding transformer net.neoforged.neoforge.coremods.MethodRedirector@59496961 to Target : cpw.mods.modlauncher.api.TargetType@5e1fa5b1 {Lnet/minecraft/server/commands/SummonCommand;} {} {V}
[19Jul2026 15:07:27.266] [main/DEBUG] [cpw.mods.modlauncher.TransformStore/MODLAUNCHER]: Adding transformer net.neoforged.neoforge.coremods.MethodRedirector@59496961 to Target : cpw.mods.modlauncher.api.TargetType@5e1fa5b1 {Lnet/minecraft/world/level/levelgen/structure/structures/WoodlandMansionPieces$WoodlandMansionPiece;} {} {V}
[19Jul2026 15:07:27.266] [main/DEBUG] [cpw.mods.modlauncher.TransformStore/MODLAUNCHER]: Adding transformer net.neoforged.neoforge.coremods.MethodRedirector@59496961 to Target : cpw.mods.modlauncher.api.TargetType@5e1fa5b1 {Lnet/minecraft/world/entity/ai/village/VillageSiege;} {} {V}
[19Jul2026 15:07:27.266] [main/DEBUG] [cpw.mods.modlauncher.TransformStore/MODLAUNCHER]: Adding transformer net.neoforged.neoforge.coremods.MethodRedirector@59496961 to Target : cpw.mods.modlauncher.api.TargetType@5e1fa5b1 {Lnet/minecraft/server/commands/RaidCommand;} {} {V}
[19Jul2026 15:07:27.266] [main/DEBUG] [cpw.mods.modlauncher.TransformStore/MODLAUNCHER]: Adding transformer net.neoforged.neoforge.coremods.MethodRedirector@59496961 to Target : cpw.mods.modlauncher.api.TargetType@5e1fa5b1 {Lnet/minecraft/world/entity/animal/horse/SkeletonTrapGoal;} {} {V}
[19Jul2026 15:07:27.266] [main/DEBUG] [cpw.mods.modlauncher.TransformStore/MODLAUNCHER]: Adding transformer net.neoforged.neoforge.coremods.MethodRedirector@59496961 to Target : cpw.mods.modlauncher.api.TargetType@5e1fa5b1 {Lnet/minecraft/world/entity/npc/CatSpawner;} {} {V}
[19Jul2026 15:07:27.266] [main/DEBUG] [cpw.mods.modlauncher.TransformStore/MODLAUNCHER]: Adding transformer net.neoforged.neoforge.coremods.MethodRedirector@59496961 to Target : cpw.mods.modlauncher.api.TargetType@5e1fa5b1 {Lnet/minecraft/world/entity/EntityType;} {} {V}
[19Jul2026 15:07:27.266] [main/DEBUG] [cpw.mods.modlauncher.TransformStore/MODLAUNCHER]: Adding transformer net.neoforged.neoforge.coremods.MethodRedirector@59496961 to Target : cpw.mods.modlauncher.api.TargetType@5e1fa5b1 {Lnet/minecraft/world/entity/monster/Strider;} {} {V}
[19Jul2026 15:07:27.266] [main/DEBUG] [cpw.mods.modlauncher.TransformStore/MODLAUNCHER]: Adding transformer net.neoforged.neoforge.coremods.MethodRedirector@59496961 to Target : cpw.mods.modlauncher.api.TargetType@5e1fa5b1 {Lnet/minecraft/world/level/levelgen/PatrolSpawner;} {} {V}
[19Jul2026 15:07:27.266] [main/DEBUG] [cpw.mods.modlauncher.TransformStore/MODLAUNCHER]: Adding transformer net.neoforged.neoforge.coremods.MethodRedirector@59496961 to Target : cpw.mods.modlauncher.api.TargetType@5e1fa5b1 {Lnet/minecraft/world/level/NaturalSpawner;} {} {V}
[19Jul2026 15:07:27.266] [main/DEBUG] [cpw.mods.modlauncher.TransformStore/MODLAUNCHER]: Adding transformer net.neoforged.neoforge.coremods.MethodRedirector@59496961 to Target : cpw.mods.modlauncher.api.TargetType@5e1fa5b1 {Lnet/minecraft/world/level/levelgen/structure/structures/OceanMonumentPieces$OceanMonumentPiece;} {} {V}
[19Jul2026 15:07:27.266] [main/DEBUG] [cpw.mods.modlauncher.TransformStore/MODLAUNCHER]: Adding transformer net.neoforged.neoforge.coremods.MethodRedirector@59496961 to Target : cpw.mods.modlauncher.api.TargetType@5e1fa5b1 {Lnet/minecraft/world/entity/animal/frog/Tadpole;} {} {V}
[19Jul2026 15:07:27.266] [main/DEBUG] [cpw.mods.modlauncher.TransformStore/MODLAUNCHER]: Adding transformer net.neoforged.neoforge.coremods.MethodRedirector@59496961 to Target : cpw.mods.modlauncher.api.TargetType@5e1fa5b1 {Lnet/minecraft/world/level/levelgen/PhantomSpawner;} {} {V}
[19Jul2026 15:07:27.266] [main/DEBUG] [cpw.mods.modlauncher.TransformStore/MODLAUNCHER]: Adding transformer net.neoforged.neoforge.coremods.MethodRedirector@59496961 to Target : cpw.mods.modlauncher.api.TargetType@5e1fa5b1 {Lnet/minecraft/world/entity/monster/ZombieVillager;} {} {V}
[19Jul2026 15:07:27.266] [main/DEBUG] [cpw.mods.modlauncher.TransformationServiceDecorator/MODLAUNCHER]: Initialized transformers for transformation service fml
[19Jul2026 15:07:27.609] [main/DEBUG] [mixin/]: Processing prepare() for PlatformAgent[MixinPlatformAgentDefault:ModLauncher Root Container(ModLauncher:4f56a0a2)]
[19Jul2026 15:07:27.609] [main/DEBUG] [mixin/]: Processing prepare() for PlatformAgent[MixinPlatformAgentDefault:net.neoforged.fml.loading.mixin.FMLMixinContainerHandle@12958360]
[19Jul2026 15:07:27.609] [main/DEBUG] [mixin/]: Processing prepare() for PlatformAgent[FMLMixinPlatformAgent:null]
[19Jul2026 15:07:27.655] [main/DEBUG] [mixin/]: Compatibility level JAVA_21 specified by ldlib2.mixins.json is higher than the maximum level supported by this version of mixin (JAVA_13).
[19Jul2026 15:07:27.659] [main/INFO] [mixin/]: Compatibility level set to JAVA_21
[19Jul2026 15:07:27.661] [main/DEBUG] [mixin/]: Mixin config adminsfactions.mixins.json does not specify "minVersion" or "requiredFeatures" property
[19Jul2026 15:07:27.663] [main/DEBUG] [mixin/]: Processing launch tasks for PlatformAgent[MixinPlatformAgentDefault:ModLauncher Root Container(ModLauncher:4f56a0a2)]
[19Jul2026 15:07:27.663] [main/DEBUG] [mixin/]: Adding mixin platform agents for container SecureJarResource(mixin_synthetic)
[19Jul2026 15:07:27.663] [main/DEBUG] [mixin/]: Instancing new MixinPlatformAgentMinecraftForge for SecureJarResource(mixin_synthetic)
[19Jul2026 15:07:27.663] [main/DEBUG] [mixin/]: MixinPlatformAgentMinecraftForge rejected container SecureJarResource(mixin_synthetic)
[19Jul2026 15:07:27.663] [main/DEBUG] [mixin/]: Instancing new MixinPlatformAgentDefault for SecureJarResource(mixin_synthetic)
[19Jul2026 15:07:27.663] [main/DEBUG] [mixin/]: MixinPlatformAgentDefault accepted container SecureJarResource(mixin_synthetic)
[19Jul2026 15:07:27.663] [main/DEBUG] [mixin/]: Instancing new FMLMixinPlatformAgent for SecureJarResource(mixin_synthetic)
[19Jul2026 15:07:27.663] [main/DEBUG] [mixin/]: FMLMixinPlatformAgent rejected container SecureJarResource(mixin_synthetic)
[19Jul2026 15:07:27.663] [main/DEBUG] [mixin/]: Processing prepare() for PlatformAgent[MixinPlatformAgentDefault:SecureJarResource(mixin_synthetic)]
[19Jul2026 15:07:27.663] [main/DEBUG] [mixin/]: Adding mixin platform agents for container SecureJarResource(minecraft)
[19Jul2026 15:07:27.663] [main/DEBUG] [mixin/]: Instancing new MixinPlatformAgentMinecraftForge for SecureJarResource(minecraft)
[19Jul2026 15:07:27.663] [main/DEBUG] [mixin/]: MixinPlatformAgentMinecraftForge rejected container SecureJarResource(minecraft)
[19Jul2026 15:07:27.663] [main/DEBUG] [mixin/]: Instancing new MixinPlatformAgentDefault for SecureJarResource(minecraft)
[19Jul2026 15:07:27.663] [main/DEBUG] [mixin/]: MixinPlatformAgentDefault accepted container SecureJarResource(minecraft)
[19Jul2026 15:07:27.663] [main/DEBUG] [mixin/]: Instancing new FMLMixinPlatformAgent for SecureJarResource(minecraft)
[19Jul2026 15:07:27.663] [main/DEBUG] [mixin/]: FMLMixinPlatformAgent rejected container SecureJarResource(minecraft)
[19Jul2026 15:07:27.663] [main/DEBUG] [mixin/]: Processing prepare() for PlatformAgent[MixinPlatformAgentDefault:SecureJarResource(minecraft)]
[19Jul2026 15:07:27.663] [main/DEBUG] [mixin/]: Adding mixin platform agents for container SecureJarResource(ldlib2)
[19Jul2026 15:07:27.663] [main/DEBUG] [mixin/]: Instancing new MixinPlatformAgentMinecraftForge for SecureJarResource(ldlib2)
[19Jul2026 15:07:27.663] [main/DEBUG] [mixin/]: MixinPlatformAgentMinecraftForge rejected container SecureJarResource(ldlib2)
[19Jul2026 15:07:27.663] [main/DEBUG] [mixin/]: Instancing new MixinPlatformAgentDefault for SecureJarResource(ldlib2)
[19Jul2026 15:07:27.663] [main/DEBUG] [mixin/]: MixinPlatformAgentDefault accepted container SecureJarResource(ldlib2)
[19Jul2026 15:07:27.663] [main/DEBUG] [mixin/]: Instancing new FMLMixinPlatformAgent for SecureJarResource(ldlib2)
[19Jul2026 15:07:27.663] [main/DEBUG] [mixin/]: FMLMixinPlatformAgent rejected container SecureJarResource(ldlib2)
[19Jul2026 15:07:27.664] [main/DEBUG] [mixin/]: Processing prepare() for PlatformAgent[MixinPlatformAgentDefault:SecureJarResource(ldlib2)]
[19Jul2026 15:07:27.664] [main/DEBUG] [mixin/]: Adding mixin platform agents for container SecureJarResource(adminsfactions)
[19Jul2026 15:07:27.664] [main/DEBUG] [mixin/]: Instancing new MixinPlatformAgentMinecraftForge for SecureJarResource(adminsfactions)
[19Jul2026 15:07:27.664] [main/DEBUG] [mixin/]: MixinPlatformAgentMinecraftForge rejected container SecureJarResource(adminsfactions)
[19Jul2026 15:07:27.664] [main/DEBUG] [mixin/]: Instancing new MixinPlatformAgentDefault for SecureJarResource(adminsfactions)
[19Jul2026 15:07:27.664] [main/DEBUG] [mixin/]: MixinPlatformAgentDefault accepted container SecureJarResource(adminsfactions)
[19Jul2026 15:07:27.664] [main/DEBUG] [mixin/]: Instancing new FMLMixinPlatformAgent for SecureJarResource(adminsfactions)
[19Jul2026 15:07:27.664] [main/DEBUG] [mixin/]: FMLMixinPlatformAgent rejected container SecureJarResource(adminsfactions)
[19Jul2026 15:07:27.664] [main/DEBUG] [mixin/]: Processing prepare() for PlatformAgent[MixinPlatformAgentDefault:SecureJarResource(adminsfactions)]
[19Jul2026 15:07:27.664] [main/DEBUG] [mixin/]: Adding mixin platform agents for container SecureJarResource(mixinextras.neoforge)
[19Jul2026 15:07:27.664] [main/DEBUG] [mixin/]: Instancing new MixinPlatformAgentMinecraftForge for SecureJarResource(mixinextras.neoforge)
[19Jul2026 15:07:27.664] [main/DEBUG] [mixin/]: MixinPlatformAgentMinecraftForge rejected container SecureJarResource(mixinextras.neoforge)
[19Jul2026 15:07:27.664] [main/DEBUG] [mixin/]: Instancing new MixinPlatformAgentDefault for SecureJarResource(mixinextras.neoforge)
[19Jul2026 15:07:27.664] [main/DEBUG] [mixin/]: MixinPlatformAgentDefault accepted container SecureJarResource(mixinextras.neoforge)
[19Jul2026 15:07:27.664] [main/DEBUG] [mixin/]: Instancing new FMLMixinPlatformAgent for SecureJarResource(mixinextras.neoforge)
[19Jul2026 15:07:27.664] [main/DEBUG] [mixin/]: FMLMixinPlatformAgent rejected container SecureJarResource(mixinextras.neoforge)
[19Jul2026 15:07:27.664] [main/DEBUG] [mixin/]: Processing prepare() for PlatformAgent[MixinPlatformAgentDefault:SecureJarResource(mixinextras.neoforge)]
[19Jul2026 15:07:27.664] [main/DEBUG] [mixin/]: Registering mixin config: mixinextras.init.mixins.json source=SecureJarResource(mixinextras.neoforge)
[19Jul2026 15:07:27.664] [main/DEBUG] [mixin/]: inject() running with 7 agents
[19Jul2026 15:07:27.664] [main/DEBUG] [mixin/]: Processing inject() for PlatformAgent[MixinPlatformAgentDefault:ModLauncher Root Container(ModLauncher:4f56a0a2)]
[19Jul2026 15:07:27.664] [main/DEBUG] [mixin/]: Processing inject() for PlatformAgent[MixinPlatformAgentDefault:net.neoforged.fml.loading.mixin.FMLMixinContainerHandle@12958360]
[19Jul2026 15:07:27.664] [main/DEBUG] [mixin/]: Processing inject() for PlatformAgent[FMLMixinPlatformAgent:null]
[19Jul2026 15:07:27.666] [main/DEBUG] [mixin/]: Processing inject() for PlatformAgent[MixinPlatformAgentDefault:SecureJarResource(mixin_synthetic)]
[19Jul2026 15:07:27.666] [main/DEBUG] [mixin/]: Processing inject() for PlatformAgent[MixinPlatformAgentDefault:SecureJarResource(minecraft)]
[19Jul2026 15:07:27.666] [main/DEBUG] [mixin/]: Processing inject() for PlatformAgent[MixinPlatformAgentDefault:SecureJarResource(ldlib2)]
[19Jul2026 15:07:27.666] [main/DEBUG] [mixin/]: Processing inject() for PlatformAgent[MixinPlatformAgentDefault:SecureJarResource(adminsfactions)]
[19Jul2026 15:07:27.666] [main/DEBUG] [mixin/]: Processing inject() for PlatformAgent[MixinPlatformAgentDefault:SecureJarResource(mixinextras.neoforge)]
[19Jul2026 15:07:27.666] [main/INFO] [cpw.mods.modlauncher.LaunchServiceHandler/MODLAUNCHER]: Launching target 'forgeclientdev' with arguments [--version, 21.1.234, --gameDir, ., --assetsDir, C:\Users\delta\.gradle\caches\neoformruntime\assets, --assetIndex, 17]
[19Jul2026 15:07:27.728] [main/DEBUG] [mixin/]: Preparing mixins for MixinEnvironment[DEFAULT]
[19Jul2026 15:07:27.728] [main/DEBUG] [mixin/]: Selecting config ldlib2.mixins.json
[19Jul2026 15:07:27.746] [main/DEBUG] [mixin/]: Selecting config adminsfactions.mixins.json
[19Jul2026 15:07:27.746] [main/DEBUG] [mixin/]: Selecting config neoforge.mixins.json
[19Jul2026 15:07:27.746] [main/DEBUG] [mixin/]: Selecting config mixinextras.init.mixins.json
[19Jul2026 15:07:27.806] [main/DEBUG] [MixinExtras|Service/]: com.llamalad7.mixinextras.service.MixinExtrasServiceImpl(version=0.5.3) is taking over from null
[19Jul2026 15:07:27.878] [main/DEBUG] [mixin/]: Registering new injector for @Inject with org.spongepowered.asm.mixin.injection.struct.CallbackInjectionInfo
[19Jul2026 15:07:27.880] [main/DEBUG] [mixin/]: Registering new injector for @ModifyArg with org.spongepowered.asm.mixin.injection.struct.ModifyArgInjectionInfo
[19Jul2026 15:07:27.881] [main/DEBUG] [mixin/]: Registering new injector for @ModifyArgs with org.spongepowered.asm.mixin.injection.struct.ModifyArgsInjectionInfo
[19Jul2026 15:07:27.882] [main/DEBUG] [mixin/]: Registering new injector for @Redirect with org.spongepowered.asm.mixin.injection.struct.RedirectInjectionInfo
[19Jul2026 15:07:27.883] [main/DEBUG] [mixin/]: Registering new injector for @ModifyVariable with org.spongepowered.asm.mixin.injection.struct.ModifyVariableInjectionInfo
[19Jul2026 15:07:27.886] [main/DEBUG] [mixin/]: Registering new injector for @ModifyConstant with org.spongepowered.asm.mixin.injection.struct.ModifyConstantInjectionInfo
[19Jul2026 15:07:27.907] [main/DEBUG] [mixin/]: Preparing ldlib2.mixins.json (43)
[19Jul2026 15:07:28.082] [main/DEBUG] [mixin/]: Preparing adminsfactions.mixins.json (0)
[19Jul2026 15:07:28.082] [main/DEBUG] [mixin/]: Preparing neoforge.mixins.json (2)
[19Jul2026 15:07:28.084] [main/DEBUG] [mixin/]: Preparing mixinextras.init.mixins.json (0)
[19Jul2026 15:07:28.095] [main/DEBUG] [mixin/]: Inner class com/lowdragmc/lowdraglib2/core/mixins/ItemModelShaperMixin$1 in com/lowdragmc/lowdraglib2/core/mixins/ItemModelShaperMixin on net/minecraft/client/renderer/ItemModelShaper gets unique name net/minecraft/client/renderer/ItemModelShaper$Anonymous$ac6c4c902487401fb4e0fa76bde76898
[19Jul2026 15:07:28.102] [main/DEBUG] [mixin/]: Prepared 43 mixins in 0.373 sec (8.7ms avg) (0ms load, 0ms transform, 0ms plugin)
[19Jul2026 15:07:28.110] [main/INFO] [MixinExtras|Service/]: Initializing MixinExtras via com.llamalad7.mixinextras.service.MixinExtrasServiceImpl(version=0.5.3).
[19Jul2026 15:07:28.111] [main/DEBUG] [mixin/]: Registering new injector for @SugarWrapper with com.llamalad7.mixinextras.sugar.impl.SugarWrapperInjectionInfo
[19Jul2026 15:07:28.111] [main/DEBUG] [mixin/]: Registering new injector for @FactoryRedirectWrapper with com.llamalad7.mixinextras.wrapper.factory.FactoryRedirectWrapperInjectionInfo
[19Jul2026 15:07:28.112] [main/DEBUG] [mixin/]: Registering new injector for @ExpressionInjectorWrapper with com.llamalad7.mixinextras.expression.impl.wrapper.ExpressionInjectorWrapperInjectionInfo
[19Jul2026 15:07:28.119] [main/DEBUG] [mixin/]: Mixing SimpleTextureMixin from ldlib2.mixins.json into net.minecraft.client.renderer.texture.SimpleTexture
[19Jul2026 15:07:28.146] [main/DEBUG] [mixin/]: ldlib2.mixins.json:SimpleTextureMixin from mod ldlib2->@Inject::ldlib2$recordImageSize(Lcom/mojang/blaze3d/platform/NativeImage;ZZLorg/spongepowered/asm/mixin/injection/callback/CallbackInfo;)V doesn't use it's CallbackInfo
[19Jul2026 15:07:28.146] [main/DEBUG] [mixin/]: ldlib2.mixins.json:SimpleTextureMixin from mod ldlib2->@Inject::ldlib2$recordImageSize(Lcom/mojang/blaze3d/platform/NativeImage;ZZLorg/spongepowered/asm/mixin/injection/callback/CallbackInfo;)V has 0 override(s) in child classes
[19Jul2026 15:07:28.147] [main/DEBUG] [mixin/]: ldlib2.mixins.json:SimpleTextureMixin from mod ldlib2->@Inject::ldlib2$recordImageSize(Lcom/mojang/blaze3d/platform/NativeImage;ZZLorg/spongepowered/asm/mixin/injection/callback/CallbackInfo;)V won't be passed a CallbackInfo as a result
[19Jul2026 15:07:28.165] [main/DEBUG] [mixin/]: Mixing accessor.MinecraftAccessor from ldlib2.mixins.json into net.minecraft.client.Minecraft
[19Jul2026 15:07:28.399] [main/DEBUG] [io.netty.util.internal.logging.InternalLoggerFactory/]: Using SLF4J as the default logging framework
[19Jul2026 15:07:28.404] [main/DEBUG] [io.netty.util.ResourceLeakDetector/]: -Dio.netty.leakDetection.level: simple
[19Jul2026 15:07:28.404] [main/DEBUG] [io.netty.util.ResourceLeakDetector/]: -Dio.netty.leakDetection.targetRecords: 4
[19Jul2026 15:07:28.941] [main/DEBUG] [oshi.util.FileUtil/]: No oshi.properties file found from ClassLoader cpw.mods.modlauncher.TransformingClassLoader@4eb30d44
[19Jul2026 15:07:29.124] [Datafixer Bootstrap/INFO] [com.mojang.datafixers.DataFixerBuilder/]: 229 Datafixer optimizations took 206 milliseconds
[19Jul2026 15:07:29.225] [main/DEBUG] [oshi.util.FileUtil/]: No oshi.architecture.properties file found from ClassLoader cpw.mods.modlauncher.TransformingClassLoader@4eb30d44
[19Jul2026 15:07:29.253] [main/WARN] [oshi.driver.windows.perfmon.PerfmonDisabled/]: Invalid registry value type detected for PerfOS counters. Should be REG_DWORD. Ignoring: HKEY_LOCAL_MACHINE\SYSTEM\CurrentControlSet\Services\PerfOS\Performance\Disable Performance Counters.
[19Jul2026 15:07:29.274] [pool-8-thread-1/DEBUG] [mixin/]: Mixing MappedRegistryAccessor from neoforge.mixins.json into net.minecraft.core.MappedRegistry
[19Jul2026 15:07:29.596] [pool-8-thread-1/DEBUG] [mixin/]: Mixing BlockEntityMixin from ldlib2.mixins.json into net.minecraft.world.level.block.entity.BlockEntity
[19Jul2026 15:07:29.606] [pool-8-thread-1/DEBUG] [mixin/]: ldlib2.mixins.json:BlockEntityMixin from mod ldlib2->@Inject::injectGetUpdateTag(Lnet/minecraft/core/HolderLookup$Provider;Lorg/spongepowered/asm/mixin/injection/callback/CallbackInfoReturnable;)V does use it's CallbackInfoReturnable
[19Jul2026 15:07:29.606] [pool-8-thread-1/DEBUG] [mixin/]: ldlib2.mixins.json:BlockEntityMixin from mod ldlib2->@Inject::injectSaveAdditional(Lnet/minecraft/nbt/CompoundTag;Lnet/minecraft/core/HolderLookup$Provider;Lorg/spongepowered/asm/mixin/injection/callback/CallbackInfo;)V doesn't use it's CallbackInfo
[19Jul2026 15:07:29.606] [pool-8-thread-1/DEBUG] [mixin/]: ldlib2.mixins.json:BlockEntityMixin from mod ldlib2->@Inject::injectSaveAdditional(Lnet/minecraft/nbt/CompoundTag;Lnet/minecraft/core/HolderLookup$Provider;Lorg/spongepowered/asm/mixin/injection/callback/CallbackInfo;)V has 0 override(s) in child classes
[19Jul2026 15:07:29.606] [pool-8-thread-1/DEBUG] [mixin/]: ldlib2.mixins.json:BlockEntityMixin from mod ldlib2->@Inject::injectSaveAdditional(Lnet/minecraft/nbt/CompoundTag;Lnet/minecraft/core/HolderLookup$Provider;Lorg/spongepowered/asm/mixin/injection/callback/CallbackInfo;)V won't be passed a CallbackInfo as a result
[19Jul2026 15:07:29.606] [pool-8-thread-1/DEBUG] [mixin/]: ldlib2.mixins.json:BlockEntityMixin from mod ldlib2->@Inject::injectLoad(Lnet/minecraft/nbt/CompoundTag;Lnet/minecraft/core/HolderLookup$Provider;Lorg/spongepowered/asm/mixin/injection/callback/CallbackInfo;)V doesn't use it's CallbackInfo
[19Jul2026 15:07:29.606] [pool-8-thread-1/DEBUG] [mixin/]: ldlib2.mixins.json:BlockEntityMixin from mod ldlib2->@Inject::injectLoad(Lnet/minecraft/nbt/CompoundTag;Lnet/minecraft/core/HolderLookup$Provider;Lorg/spongepowered/asm/mixin/injection/callback/CallbackInfo;)V has 0 override(s) in child classes
[19Jul2026 15:07:29.607] [pool-8-thread-1/DEBUG] [mixin/]: ldlib2.mixins.json:BlockEntityMixin from mod ldlib2->@Inject::injectLoad(Lnet/minecraft/nbt/CompoundTag;Lnet/minecraft/core/HolderLookup$Provider;Lorg/spongepowered/asm/mixin/injection/callback/CallbackInfo;)V won't be passed a CallbackInfo as a result
[19Jul2026 15:07:29.607] [pool-8-thread-1/DEBUG] [mixin/]: ldlib2.mixins.json:BlockEntityMixin from mod ldlib2->@Inject::injectSetRemoved(Lorg/spongepowered/asm/mixin/injection/callback/CallbackInfo;)V doesn't use it's CallbackInfo
[19Jul2026 15:07:29.607] [pool-8-thread-1/DEBUG] [mixin/]: ldlib2.mixins.json:BlockEntityMixin from mod ldlib2->@Inject::injectSetRemoved(Lorg/spongepowered/asm/mixin/injection/callback/CallbackInfo;)V has 0 override(s) in child classes
[19Jul2026 15:07:29.607] [pool-8-thread-1/DEBUG] [mixin/]: ldlib2.mixins.json:BlockEntityMixin from mod ldlib2->@Inject::injectSetRemoved(Lorg/spongepowered/asm/mixin/injection/callback/CallbackInfo;)V won't be passed a CallbackInfo as a result
[19Jul2026 15:07:29.607] [pool-8-thread-1/DEBUG] [mixin/]: ldlib2.mixins.json:BlockEntityMixin from mod ldlib2->@Inject::injectClearRemoved(Lorg/spongepowered/asm/mixin/injection/callback/CallbackInfo;)V doesn't use it's CallbackInfo
[19Jul2026 15:07:29.607] [pool-8-thread-1/DEBUG] [mixin/]: ldlib2.mixins.json:BlockEntityMixin from mod ldlib2->@Inject::injectClearRemoved(Lorg/spongepowered/asm/mixin/injection/callback/CallbackInfo;)V has 0 override(s) in child classes
[19Jul2026 15:07:29.607] [pool-8-thread-1/DEBUG] [mixin/]: ldlib2.mixins.json:BlockEntityMixin from mod ldlib2->@Inject::injectClearRemoved(Lorg/spongepowered/asm/mixin/injection/callback/CallbackInfo;)V won't be passed a CallbackInfo as a result
[19Jul2026 15:07:29.819] [pool-8-thread-1/DEBUG] [mixin/]: Mixing BlockEntityTypeAccessor from neoforge.mixins.json into net.minecraft.world.level.block.entity.BlockEntityType
[19Jul2026 15:07:29.840] [pool-8-thread-1/DEBUG] [mixin/]: Mixing ui.AbstractContainerMenuMixin from ldlib2.mixins.json into net.minecraft.world.inventory.AbstractContainerMenu
[19Jul2026 15:07:29.848] [pool-8-thread-1/DEBUG] [mixin/]: ldlib2.mixins.json:ui.AbstractContainerMenuMixin from mod ldlib2->@Inject::ldlib2$broadcastChanges(Lorg/spongepowered/asm/mixin/injection/callback/CallbackInfo;)V doesn't use it's CallbackInfo
[19Jul2026 15:07:29.848] [pool-8-thread-1/DEBUG] [mixin/]: ldlib2.mixins.json:ui.AbstractContainerMenuMixin from mod ldlib2->@Inject::ldlib2$broadcastChanges(Lorg/spongepowered/asm/mixin/injection/callback/CallbackInfo;)V has 0 override(s) in child classes
[19Jul2026 15:07:29.848] [pool-8-thread-1/DEBUG] [mixin/]: ldlib2.mixins.json:ui.AbstractContainerMenuMixin from mod ldlib2->@Inject::ldlib2$broadcastChanges(Lorg/spongepowered/asm/mixin/injection/callback/CallbackInfo;)V won't be passed a CallbackInfo as a result
[19Jul2026 15:07:30.339] [pool-8-thread-1/DEBUG] [mixin/]: Mixing ui.ServerPlayerMixin from ldlib2.mixins.json into net.minecraft.server.level.ServerPlayer
[19Jul2026 15:07:30.357] [pool-8-thread-1/DEBUG] [mixin/]: ldlib2.mixins.json:ui.ServerPlayerMixin from mod ldlib2->@Inject::ldlib2$writeCustomData(Lnet/minecraft/world/MenuProvider;Lnet/minecraft/world/inventory/AbstractContainerMenu;Ljava/util/function/Consumer;Lnet/minecraft/network/RegistryFriendlyByteBuf;Lorg/spongepowered/asm/mixin/injection/callback/CallbackInfo;)V doesn't use it's CallbackInfo
[19Jul2026 15:07:30.726] [pool-8-thread-1/DEBUG] [io.netty.util.internal.PlatformDependent0/]: -Dio.netty.noUnsafe: false
[19Jul2026 15:07:30.726] [pool-8-thread-1/DEBUG] [io.netty.util.internal.PlatformDependent0/]: Java version: 21
[19Jul2026 15:07:30.727] [pool-8-thread-1/DEBUG] [io.netty.util.internal.PlatformDependent0/]: sun.misc.Unsafe.theUnsafe: available
[19Jul2026 15:07:30.727] [pool-8-thread-1/DEBUG] [io.netty.util.internal.PlatformDependent0/]: sun.misc.Unsafe.copyMemory: available
[19Jul2026 15:07:30.727] [pool-8-thread-1/DEBUG] [io.netty.util.internal.PlatformDependent0/]: sun.misc.Unsafe.storeFence: available
[19Jul2026 15:07:30.727] [pool-8-thread-1/DEBUG] [io.netty.util.internal.PlatformDependent0/]: java.nio.Buffer.address: available
[19Jul2026 15:07:30.727] [pool-8-thread-1/DEBUG] [io.netty.util.internal.PlatformDependent0/]: direct buffer constructor: unavailable: Reflective setAccessible(true) disabled
[19Jul2026 15:07:30.727] [pool-8-thread-1/DEBUG] [io.netty.util.internal.PlatformDependent0/]: java.nio.Bits.unaligned: available, true
[19Jul2026 15:07:30.728] [pool-8-thread-1/DEBUG] [io.netty.util.internal.PlatformDependent0/]: jdk.internal.misc.Unsafe.allocateUninitializedArray(int): unavailable: class io.netty.util.internal.PlatformDependent0$7 (in module io.netty.common) cannot access class jdk.internal.misc.Unsafe (in module java.base) because module java.base does not export jdk.internal.misc to module io.netty.common
[19Jul2026 15:07:30.728] [pool-8-thread-1/DEBUG] [io.netty.util.internal.PlatformDependent0/]: java.nio.DirectByteBuffer.<init>(long, {int,long}): unavailable
[19Jul2026 15:07:30.728] [pool-8-thread-1/DEBUG] [io.netty.util.internal.PlatformDependent/]: sun.misc.Unsafe: available
[19Jul2026 15:07:30.729] [pool-8-thread-1/DEBUG] [io.netty.util.internal.PlatformDependent/]: maxDirectMemory: 16559112192 bytes (maybe)
[19Jul2026 15:07:30.729] [pool-8-thread-1/DEBUG] [io.netty.util.internal.PlatformDependent/]: -Dio.netty.tmpdir: C:\Users\delta\AppData\Local\Temp (java.io.tmpdir)
[19Jul2026 15:07:30.729] [pool-8-thread-1/DEBUG] [io.netty.util.internal.PlatformDependent/]: -Dio.netty.bitMode: 64 (sun.arch.data.model)
[19Jul2026 15:07:30.729] [pool-8-thread-1/DEBUG] [io.netty.util.internal.PlatformDependent/]: Platform: Windows
[19Jul2026 15:07:30.729] [pool-8-thread-1/DEBUG] [io.netty.util.internal.PlatformDependent/]: -Dio.netty.maxDirectMemory: -1 bytes
[19Jul2026 15:07:30.729] [pool-8-thread-1/DEBUG] [io.netty.util.internal.PlatformDependent/]: -Dio.netty.uninitializedArrayAllocationThreshold: -1
[19Jul2026 15:07:30.730] [pool-8-thread-1/DEBUG] [io.netty.util.internal.CleanerJava9/]: java.nio.ByteBuffer.cleaner(): available
[19Jul2026 15:07:30.730] [pool-8-thread-1/DEBUG] [io.netty.util.internal.PlatformDependent/]: -Dio.netty.noPreferDirect: false
[19Jul2026 15:07:31.022] [pool-8-thread-1/DEBUG] [mixin/]: Mixing ui.InventoryMenuMixin from ldlib2.mixins.json into net.minecraft.world.inventory.InventoryMenu
[19Jul2026 15:07:31.023] [pool-8-thread-1/DEBUG] [mixin/]: Renaming synthetic method lambda$ldlib2$onInit$1(Lnet/minecraft/world/entity/player/Player;)V to md4630b6$ldlib2$lambda$ldlib2$onInit$1$0 in ldlib2.mixins.json:ui.InventoryMenuMixin from mod ldlib2
[19Jul2026 15:07:31.023] [pool-8-thread-1/DEBUG] [mixin/]: Renaming synthetic method lambda$ldlib2$onInit$0(Lnet/minecraft/world/entity/player/Player;)V to md4630b6$ldlib2$lambda$ldlib2$onInit$0$1 in ldlib2.mixins.json:ui.InventoryMenuMixin from mod ldlib2
[19Jul2026 15:07:31.031] [pool-8-thread-1/DEBUG] [mixin/]: ldlib2.mixins.json:ui.InventoryMenuMixin from mod ldlib2->@Inject::ldlib2$onInit(Lnet/minecraft/world/entity/player/Inventory;ZLnet/minecraft/world/entity/player/Player;Lorg/spongepowered/asm/mixin/injection/callback/CallbackInfo;)V doesn't use it's CallbackInfo
[19Jul2026 15:07:31.031] [pool-8-thread-1/DEBUG] [mixin/]: ldlib2.mixins.json:ui.InventoryMenuMixin from mod ldlib2->@Inject::ldlib2$onInit(Lnet/minecraft/world/entity/player/Inventory;ZLnet/minecraft/world/entity/player/Player;Lorg/spongepowered/asm/mixin/injection/callback/CallbackInfo;)V has 0 override(s) in child classes
[19Jul2026 15:07:31.031] [pool-8-thread-1/DEBUG] [mixin/]: ldlib2.mixins.json:ui.InventoryMenuMixin from mod ldlib2->@Inject::ldlib2$onInit(Lnet/minecraft/world/entity/player/Inventory;ZLnet/minecraft/world/entity/player/Player;Lorg/spongepowered/asm/mixin/injection/callback/CallbackInfo;)V won't be passed a CallbackInfo as a result
[19Jul2026 15:07:31.271] [pool-8-thread-1/DEBUG] [mixin/]: Mixing ui.MenuTypeMixin from ldlib2.mixins.json into net.minecraft.world.inventory.MenuType
[19Jul2026 15:07:31.274] [pool-8-thread-1/DEBUG] [mixin/]: ldlib2.mixins.json:ui.MenuTypeMixin from mod ldlib2->@Inject::ldlib2$create1(ILnet/minecraft/world/entity/player/Inventory;Lorg/spongepowered/asm/mixin/injection/callback/CallbackInfoReturnable;)V does use it's CallbackInfoReturnable
[19Jul2026 15:07:31.274] [pool-8-thread-1/DEBUG] [mixin/]: ldlib2.mixins.json:ui.MenuTypeMixin from mod ldlib2->@Inject::ldlib2$create2$return(ILnet/minecraft/world/entity/player/Inventory;Lnet/minecraft/network/RegistryFriendlyByteBuf;Lorg/spongepowered/asm/mixin/injection/callback/CallbackInfoReturnable;)V does use it's CallbackInfoReturnable
[19Jul2026 15:07:31.274] [pool-8-thread-1/DEBUG] [mixin/]: ldlib2.mixins.json:ui.MenuTypeMixin from mod ldlib2->@Inject::ldlib2$create2$return(ILnet/minecraft/world/entity/player/Inventory;Lnet/minecraft/network/RegistryFriendlyByteBuf;Lorg/spongepowered/asm/mixin/injection/callback/CallbackInfoReturnable;)V does use it's CallbackInfoReturnable
[19Jul2026 15:07:31.277] [pool-8-thread-1/DEBUG] [mixin/]: Mixing accessor.SlotAccessor from ldlib2.mixins.json into net.minecraft.world.inventory.Slot
[19Jul2026 15:07:31.395] [pool-8-thread-1/DEBUG] [mixin/]: Mixing accessor.DelegatingOpsAccessor from ldlib2.mixins.json into net.minecraft.resources.DelegatingOps
[19Jul2026 15:07:32.256] [main/WARN] [net.minecraft.commands.Commands/]: Ambiguity between arguments [teleport, location] and [teleport, destination] with inputs: [0.1 -0.5 .9, 0 0 0]
[19Jul2026 15:07:32.258] [main/WARN] [net.minecraft.commands.Commands/]: Ambiguity between arguments [teleport, location] and [teleport, targets] with inputs: [0.1 -0.5 .9, 0 0 0]
[19Jul2026 15:07:32.260] [main/WARN] [net.minecraft.commands.Commands/]: Ambiguity between arguments [teleport, destination] and [teleport, targets] with inputs: [Player, 0123, @e, dd12be42-52a9-4a91-a8a1-11c01849e498]
[19Jul2026 15:07:32.260] [main/WARN] [net.minecraft.commands.Commands/]: Ambiguity between arguments [teleport, targets] and [teleport, destination] with inputs: [Player, 0123, dd12be42-52a9-4a91-a8a1-11c01849e498]
[19Jul2026 15:07:32.260] [main/WARN] [net.minecraft.commands.Commands/]: Ambiguity between arguments [teleport, targets, location] and [teleport, targets, destination] with inputs: [0.1 -0.5 .9, 0 0 0]
[19Jul2026 15:07:32.278] [Render thread/DEBUG] [mixin/]: Mixing ui.ScreenMixin from ldlib2.mixins.json into net.minecraft.client.gui.screens.Screen
[19Jul2026 15:07:32.287] [Render thread/DEBUG] [mixin/]: ldlib2.mixins.json:ui.ScreenMixin from mod ldlib2->@Inject::ldlib2$tick(Lorg/spongepowered/asm/mixin/injection/callback/CallbackInfo;)V doesn't use it's CallbackInfo
[19Jul2026 15:07:32.287] [Render thread/DEBUG] [mixin/]: ldlib2.mixins.json:ui.ScreenMixin from mod ldlib2->@Inject::ldlib2$tick(Lorg/spongepowered/asm/mixin/injection/callback/CallbackInfo;)V has 0 override(s) in child classes
[19Jul2026 15:07:32.287] [Render thread/DEBUG] [mixin/]: ldlib2.mixins.json:ui.ScreenMixin from mod ldlib2->@Inject::ldlib2$tick(Lorg/spongepowered/asm/mixin/injection/callback/CallbackInfo;)V won't be passed a CallbackInfo as a result
[19Jul2026 15:07:32.287] [Render thread/DEBUG] [mixin/]: ldlib2.mixins.json:ui.ScreenMixin from mod ldlib2->@Inject::ldlib2$removed(Lorg/spongepowered/asm/mixin/injection/callback/CallbackInfo;)V doesn't use it's CallbackInfo
[19Jul2026 15:07:32.287] [Render thread/DEBUG] [mixin/]: ldlib2.mixins.json:ui.ScreenMixin from mod ldlib2->@Inject::ldlib2$removed(Lorg/spongepowered/asm/mixin/injection/callback/CallbackInfo;)V has 0 override(s) in child classes
[19Jul2026 15:07:32.287] [Render thread/DEBUG] [mixin/]: ldlib2.mixins.json:ui.ScreenMixin from mod ldlib2->@Inject::ldlib2$removed(Lorg/spongepowered/asm/mixin/injection/callback/CallbackInfo;)V won't be passed a CallbackInfo as a result
[19Jul2026 15:07:32.287] [Render thread/DEBUG] [mixin/]: ldlib2.mixins.json:ui.ScreenMixin from mod ldlib2->@Inject::ldlib2$keyPressed(IIILorg/spongepowered/asm/mixin/injection/callback/CallbackInfoReturnable;)V does use it's CallbackInfoReturnable
[19Jul2026 15:07:32.287] [Render thread/DEBUG] [mixin/]: ldlib2.mixins.json:ui.ScreenMixin from mod ldlib2->@Inject::ldlib2$shouldCloseOnEsc(Lorg/spongepowered/asm/mixin/injection/callback/CallbackInfoReturnable;)V does use it's CallbackInfoReturnable
[19Jul2026 15:07:32.290] [Render thread/DEBUG] [mixin/]: Mixing ui.ContainerEventHandlerMixin from ldlib2.mixins.json into net.minecraft.client.gui.components.events.ContainerEventHandler
[19Jul2026 15:07:32.292] [Render thread/DEBUG] [mixin/]: ldlib2.mixins.json:ui.ContainerEventHandlerMixin from mod ldlib2->@Inject::ldlib2$mouseDragged(DDIDDLorg/spongepowered/asm/mixin/injection/callback/CallbackInfoReturnable;)V does use it's CallbackInfoReturnable
[19Jul2026 15:07:32.309] [Render thread/DEBUG] [mixin/]: Mixing ui.AbstractContainerScreenMixin from ldlib2.mixins.json into net.minecraft.client.gui.screens.inventory.AbstractContainerScreen
[19Jul2026 15:07:32.319] [Render thread/DEBUG] [mixin/]: ldlib2.mixins.json:ui.AbstractContainerScreenMixin from mod ldlib2->@Inject::ldlib2$removed(Lorg/spongepowered/asm/mixin/injection/callback/CallbackInfo;)V doesn't use it's CallbackInfo
[19Jul2026 15:07:32.319] [Render thread/DEBUG] [mixin/]: ldlib2.mixins.json:ui.AbstractContainerScreenMixin from mod ldlib2->@Inject::ldlib2$removed(Lorg/spongepowered/asm/mixin/injection/callback/CallbackInfo;)V has 0 override(s) in child classes
[19Jul2026 15:07:32.319] [Render thread/DEBUG] [mixin/]: ldlib2.mixins.json:ui.AbstractContainerScreenMixin from mod ldlib2->@Inject::ldlib2$removed(Lorg/spongepowered/asm/mixin/injection/callback/CallbackInfo;)V won't be passed a CallbackInfo as a result
[19Jul2026 15:07:32.319] [Render thread/DEBUG] [mixin/]: ldlib2.mixins.json:ui.AbstractContainerScreenMixin from mod ldlib2->@Inject::ldlib2$mouseDragged(DDIDDLorg/spongepowered/asm/mixin/injection/callback/CallbackInfoReturnable;)V does use it's CallbackInfoReturnable
[19Jul2026 15:07:32.320] [Render thread/DEBUG] [mixin/]: ldlib2.mixins.json:ui.AbstractContainerScreenMixin from mod ldlib2->@Inject::ldlib2$containerTick(Lorg/spongepowered/asm/mixin/injection/callback/CallbackInfo;)V doesn't use it's CallbackInfo
[19Jul2026 15:07:32.320] [Render thread/DEBUG] [mixin/]: ldlib2.mixins.json:ui.AbstractContainerScreenMixin from mod ldlib2->@Inject::ldlib2$containerTick(Lorg/spongepowered/asm/mixin/injection/callback/CallbackInfo;)V has 0 override(s) in child classes
[19Jul2026 15:07:32.320] [Render thread/DEBUG] [mixin/]: ldlib2.mixins.json:ui.AbstractContainerScreenMixin from mod ldlib2->@Inject::ldlib2$containerTick(Lorg/spongepowered/asm/mixin/injection/callback/CallbackInfo;)V won't be passed a CallbackInfo as a result
[19Jul2026 15:07:32.320] [Render thread/DEBUG] [mixin/]: ldlib2.mixins.json:ui.AbstractContainerScreenMixin from mod ldlib2->@Inject::ldlib2$isHovering(Lnet/minecraft/world/inventory/Slot;DDLorg/spongepowered/asm/mixin/injection/callback/CallbackInfoReturnable;)V does use it's CallbackInfoReturnable
[19Jul2026 15:07:32.321] [Render thread/DEBUG] [mixin/]: ldlib2.mixins.json:ui.AbstractContainerScreenMixin from mod ldlib2->@Inject::ldlib2$renderSlotHighlight(Lnet/minecraft/client/gui/GuiGraphics;Lnet/minecraft/world/inventory/Slot;IIFLorg/spongepowered/asm/mixin/injection/callback/CallbackInfo;)V does use it's CallbackInfo
[19Jul2026 15:07:32.321] [Render thread/DEBUG] [mixin/]: ldlib2.mixins.json:ui.AbstractContainerScreenMixin from mod ldlib2->@Inject::ldlib2$renderSlot(Lnet/minecraft/client/gui/GuiGraphics;Lnet/minecraft/world/inventory/Slot;Lorg/spongepowered/asm/mixin/injection/callback/CallbackInfo;)V does use it's CallbackInfo
[19Jul2026 15:07:32.384] [Render thread/WARN] [net.minecraft.server.packs.VanillaPackResourcesBuilder/]: Assets URL 'union:/C:/Users/delta/Documents/github/Admin82-s-Factions/build/moddev/artifacts/neoforge-21.1.234.jar%23189!/assets/.mcassetsroot' uses unexpected schema
[19Jul2026 15:07:32.384] [Render thread/WARN] [net.minecraft.server.packs.VanillaPackResourcesBuilder/]: Assets URL 'union:/C:/Users/delta/Documents/github/Admin82-s-Factions/build/moddev/artifacts/neoforge-21.1.234.jar%23189!/data/.mcassetsroot' uses unexpected schema
[19Jul2026 15:07:32.409] [Render thread/INFO] [com.mojang.authlib.yggdrasil.YggdrasilAuthenticationService/]: Environment: Environment[sessionHost=https://sessionserver.mojang.com, servicesHost=https://api.minecraftservices.com, name=PROD]
[19Jul2026 15:07:32.414] [Render thread/INFO] [net.minecraft.client.Minecraft/]: Setting user: Dev
[19Jul2026 15:07:32.478] [Render thread/INFO] [net.minecraft.client.Minecraft/]: Backend library: LWJGL version 3.3.3+5
[19Jul2026 15:07:32.595] [Render thread/DEBUG] [mixin/]: Mixing accessor.MouseHandlerAccessor from ldlib2.mixins.json into net.minecraft.client.MouseHandler
[19Jul2026 15:07:32.660] [Render thread/DEBUG] [mixin/]: Mixing ReloadableResourceManagerMixin from ldlib2.mixins.json into net.minecraft.server.packs.resources.ReloadableResourceManager
[19Jul2026 15:07:32.685] [Render thread/DEBUG] [net.neoforged.fml.ModWorkManager/LOADING]: Using 16 threads for parallel mod-loading
[19Jul2026 15:07:32.694] [Render thread/DEBUG] [net.neoforged.fml.javafmlmod.FMLModContainer/LOADING]: Creating FMLModContainer instance for [com.lowdragmc.lowdraglib2.LDLib2]
[19Jul2026 15:07:32.698] [Render thread/DEBUG] [net.neoforged.fml.javafmlmod.FMLModContainer/LOADING]: Creating FMLModContainer instance for [com.admin82.factions.AdminsFactions, com.admin82.factions.AdminsFactionsClient]
[19Jul2026 15:07:32.700] [Render thread/DEBUG] [net.neoforged.fml.javafmlmod.FMLModContainer/LOADING]: Creating FMLModContainer instance for [net.neoforged.neoforge.common.NeoForgeMod, net.neoforged.neoforge.client.ClientNeoForgeMod]
[19Jul2026 15:07:32.708] [modloading-worker-0/INFO] [LowDragLib2/]: LowDragLib2 is initializing on platform: NeoForge
[19Jul2026 15:07:32.717] [modloading-worker-0/DEBUG] [net.neoforged.neoforge.internal.versions.neoforge.NeoForgeVersion/CORE]: Found NeoForge version 21.1.234
[19Jul2026 15:07:32.717] [modloading-worker-0/DEBUG] [net.neoforged.neoforge.internal.versions.neoforge.NeoForgeVersion/CORE]: Found FML version 4.0.42
[19Jul2026 15:07:32.717] [modloading-worker-0/INFO] [net.neoforged.neoforge.common.NeoForgeMod/NEOFORGE-MOD]: NeoForge mod loading, version 21.1.234, for MC 1.21.1
[19Jul2026 15:07:32.741] [modloading-worker-0/DEBUG] [net.neoforged.fml.config.ConfigTracker/CONFIG]: Config file neoforge-client.toml for neoforge tracking
[19Jul2026 15:07:32.741] [modloading-worker-0/DEBUG] [net.neoforged.fml.config.ConfigTracker/CONFIG]: Config file neoforge-server.toml for neoforge tracking
[19Jul2026 15:07:32.741] [modloading-worker-0/DEBUG] [net.neoforged.fml.config.ConfigTracker/CONFIG]: Config file neoforge-common.toml for neoforge tracking
[19Jul2026 15:07:32.810] [modloading-worker-0/DEBUG] [net.neoforged.fml.javafmlmod.AutomaticEventSubscriber/LOADING]: Attempting to inject @EventBusSubscriber classes into the eventbus for neoforge
[19Jul2026 15:07:32.811] [modloading-worker-0/DEBUG] [net.neoforged.fml.javafmlmod.AutomaticEventSubscriber/LOADING]: Scanning class net.neoforged.neoforge.server.command.ConfigCommand for @SubscribeEvent-annotated methods
[19Jul2026 15:07:32.811] [modloading-worker-0/DEBUG] [net.neoforged.fml.javafmlmod.AutomaticEventSubscriber/]: Subscribing @EventBusSubscriber class Lnet/neoforged/neoforge/server/command/ConfigCommand; to the game event bus
[19Jul2026 15:07:32.812] [modloading-worker-0/DEBUG] [net.neoforged.fml.javafmlmod.AutomaticEventSubscriber/LOADING]: Scanning class net.neoforged.neoforge.network.filters.GenericPacketSplitter for @SubscribeEvent-annotated methods
[19Jul2026 15:07:32.824] [modloading-worker-0/DEBUG] [io.netty.buffer.AbstractByteBuf/]: -Dio.netty.buffer.checkAccessible: true
[19Jul2026 15:07:32.824] [modloading-worker-0/DEBUG] [io.netty.buffer.AbstractByteBuf/]: -Dio.netty.buffer.checkBounds: true
[19Jul2026 15:07:32.825] [modloading-worker-0/DEBUG] [io.netty.util.ResourceLeakDetectorFactory/]: Loaded default ResourceLeakDetector: io.netty.util.ResourceLeakDetector@697008ba
[19Jul2026 15:07:32.830] [modloading-worker-0/DEBUG] [io.netty.util.internal.InternalThreadLocalMap/]: -Dio.netty.threadLocalMap.stringBuilder.initialSize: 1024
[19Jul2026 15:07:32.830] [modloading-worker-0/DEBUG] [io.netty.util.internal.InternalThreadLocalMap/]: -Dio.netty.threadLocalMap.stringBuilder.maxSize: 4096
[19Jul2026 15:07:32.830] [modloading-worker-0/DEBUG] [io.netty.buffer.PooledByteBufAllocator/]: -Dio.netty.allocator.numHeapArenas: 32
[19Jul2026 15:07:32.832] [modloading-worker-0/DEBUG] [io.netty.buffer.PooledByteBufAllocator/]: -Dio.netty.allocator.numDirectArenas: 32
[19Jul2026 15:07:32.832] [modloading-worker-0/DEBUG] [io.netty.buffer.PooledByteBufAllocator/]: -Dio.netty.allocator.pageSize: 8192
[19Jul2026 15:07:32.832] [modloading-worker-0/DEBUG] [io.netty.buffer.PooledByteBufAllocator/]: -Dio.netty.allocator.maxOrder: 9
[19Jul2026 15:07:32.832] [modloading-worker-0/DEBUG] [io.netty.buffer.PooledByteBufAllocator/]: -Dio.netty.allocator.chunkSize: 4194304
[19Jul2026 15:07:32.832] [modloading-worker-0/DEBUG] [io.netty.buffer.PooledByteBufAllocator/]: -Dio.netty.allocator.smallCacheSize: 256
[19Jul2026 15:07:32.832] [modloading-worker-0/DEBUG] [io.netty.buffer.PooledByteBufAllocator/]: -Dio.netty.allocator.normalCacheSize: 64
[19Jul2026 15:07:32.832] [modloading-worker-0/DEBUG] [io.netty.buffer.PooledByteBufAllocator/]: -Dio.netty.allocator.maxCachedBufferCapacity: 32768
[19Jul2026 15:07:32.832] [modloading-worker-0/DEBUG] [io.netty.buffer.PooledByteBufAllocator/]: -Dio.netty.allocator.cacheTrimInterval: 8192
[19Jul2026 15:07:32.832] [modloading-worker-0/DEBUG] [io.netty.buffer.PooledByteBufAllocator/]: -Dio.netty.allocator.cacheTrimIntervalMillis: 0
[19Jul2026 15:07:32.832] [modloading-worker-0/DEBUG] [io.netty.buffer.PooledByteBufAllocator/]: -Dio.netty.allocator.useCacheForAllThreads: false
[19Jul2026 15:07:32.832] [modloading-worker-0/DEBUG] [io.netty.buffer.PooledByteBufAllocator/]: -Dio.netty.allocator.maxCachedByteBuffersPerChunk: 1023
[19Jul2026 15:07:32.839] [modloading-worker-0/DEBUG] [io.netty.buffer.ByteBufUtil/]: -Dio.netty.allocator.type: pooled
[19Jul2026 15:07:32.839] [modloading-worker-0/DEBUG] [io.netty.buffer.ByteBufUtil/]: -Dio.netty.threadLocalDirectBufferSize: 0
[19Jul2026 15:07:32.839] [modloading-worker-0/DEBUG] [io.netty.buffer.ByteBufUtil/]: -Dio.netty.maxThreadLocalCharBufferSize: 16384
[19Jul2026 15:07:32.843] [modloading-worker-0/DEBUG] [net.neoforged.fml.javafmlmod.AutomaticEventSubscriber/]: Subscribing @EventBusSubscriber class Lnet/neoforged/neoforge/network/filters/GenericPacketSplitter; to the mod event bus of mod neoforge
[19Jul2026 15:07:32.845] [modloading-worker-0/DEBUG] [net.neoforged.fml.javafmlmod.AutomaticEventSubscriber/LOADING]: Scanning class net.neoforged.neoforge.network.NetworkInitialization for @SubscribeEvent-annotated methods
[19Jul2026 15:07:32.845] [modloading-worker-0/DEBUG] [net.neoforged.fml.javafmlmod.AutomaticEventSubscriber/]: Subscribing @EventBusSubscriber class Lnet/neoforged/neoforge/network/NetworkInitialization; to the mod event bus of mod neoforge
[19Jul2026 15:07:32.845] [modloading-worker-0/DEBUG] [net.neoforged.fml.javafmlmod.AutomaticEventSubscriber/LOADING]: Scanning class net.neoforged.neoforge.network.ConfigurationInitialization for @SubscribeEvent-annotated methods
[19Jul2026 15:07:32.846] [modloading-worker-0/DEBUG] [net.neoforged.fml.javafmlmod.AutomaticEventSubscriber/]: Subscribing @EventBusSubscriber class Lnet/neoforged/neoforge/network/ConfigurationInitialization; to the mod event bus of mod neoforge
[19Jul2026 15:07:32.846] [modloading-worker-0/DEBUG] [net.neoforged.fml.javafmlmod.AutomaticEventSubscriber/LOADING]: Scanning class net.neoforged.neoforge.common.MonsterRoomHooks for @SubscribeEvent-annotated methods
[19Jul2026 15:07:32.848] [modloading-worker-0/DEBUG] [net.neoforged.fml.javafmlmod.AutomaticEventSubscriber/]: Subscribing @EventBusSubscriber class Lnet/neoforged/neoforge/common/MonsterRoomHooks; to the game event bus
[19Jul2026 15:07:32.848] [modloading-worker-0/DEBUG] [net.neoforged.fml.javafmlmod.AutomaticEventSubscriber/LOADING]: Scanning class net.neoforged.neoforge.common.DeferredSpawnEggItem$CommonHandler for @SubscribeEvent-annotated methods
[19Jul2026 15:07:32.848] [modloading-worker-0/DEBUG] [net.neoforged.fml.javafmlmod.AutomaticEventSubscriber/]: Subscribing @EventBusSubscriber class Lnet/neoforged/neoforge/common/DeferredSpawnEggItem$CommonHandler; to the mod event bus of mod neoforge
[19Jul2026 15:07:32.849] [modloading-worker-0/DEBUG] [net.neoforged.fml.javafmlmod.AutomaticEventSubscriber/LOADING]: Scanning class net.neoforged.neoforge.common.DeferredSpawnEggItem$ColorRegisterHandler for @SubscribeEvent-annotated methods
[19Jul2026 15:07:32.849] [modloading-worker-0/DEBUG] [net.neoforged.fml.javafmlmod.AutomaticEventSubscriber/]: Subscribing @EventBusSubscriber class Lnet/neoforged/neoforge/common/DeferredSpawnEggItem$ColorRegisterHandler; to the mod event bus of mod neoforge
[19Jul2026 15:07:32.849] [modloading-worker-0/DEBUG] [net.neoforged.fml.javafmlmod.AutomaticEventSubscriber/LOADING]: Scanning class net.neoforged.neoforge.client.model.data.ModelDataManager for @SubscribeEvent-annotated methods
[19Jul2026 15:07:32.851] [modloading-worker-0/DEBUG] [net.neoforged.fml.javafmlmod.AutomaticEventSubscriber/]: Subscribing @EventBusSubscriber class Lnet/neoforged/neoforge/client/model/data/ModelDataManager; to the game event bus
[19Jul2026 15:07:32.851] [modloading-worker-0/DEBUG] [net.neoforged.fml.javafmlmod.AutomaticEventSubscriber/LOADING]: Scanning class net.neoforged.neoforge.client.ParticleBoundsDebugRenderer for @SubscribeEvent-annotated methods
[19Jul2026 15:07:32.852] [modloading-worker-0/DEBUG] [net.neoforged.fml.javafmlmod.AutomaticEventSubscriber/]: Subscribing @EventBusSubscriber class Lnet/neoforged/neoforge/client/ParticleBoundsDebugRenderer; to the game event bus
[19Jul2026 15:07:32.853] [modloading-worker-0/DEBUG] [net.neoforged.fml.javafmlmod.AutomaticEventSubscriber/LOADING]: Scanning class net.neoforged.neoforge.client.ClientHooks$ClientEvents for @SubscribeEvent-annotated methods
[19Jul2026 15:07:32.856] [modloading-worker-0/DEBUG] [mixin/]: Mixing accessor.ShaderInstanceAccessor from ldlib2.mixins.json into net.minecraft.client.renderer.ShaderInstance
[19Jul2026 15:07:32.858] [modloading-worker-0/DEBUG] [mixin/]: Renaming @Invoker method invokeGetOrCreate(Lnet/minecraft/server/packs/resources/ResourceProvider;Lcom/mojang/blaze3d/shaders/Program$Type;Ljava/lang/String;)Lcom/mojang/blaze3d/shaders/Program; to invokeGetOrCreate$ldlib2_$md$4630b6$0 in ldlib2.mixins.json:accessor.ShaderInstanceAccessor from mod ldlib2
[19Jul2026 15:07:32.858] [modloading-worker-0/DEBUG] [mixin/]: Mixing shader.ShaderInstanceMixin from ldlib2.mixins.json into net.minecraft.client.renderer.ShaderInstance
[19Jul2026 15:07:32.880] [modloading-worker-0/DEBUG] [mixin/]: ldlib2.mixins.json:shader.ShaderInstanceMixin from mod ldlib2->@Inject::ldlib2$onCreateShader(Lnet/minecraft/server/packs/resources/ResourceProvider;Lnet/minecraft/resources/ResourceLocation;Lcom/mojang/blaze3d/vertex/VertexFormat;Lorg/spongepowered/asm/mixin/injection/callback/CallbackInfo;)V doesn't use it's CallbackInfo
[19Jul2026 15:07:32.881] [modloading-worker-0/DEBUG] [mixin/]: ldlib2.mixins.json:shader.ShaderInstanceMixin from mod ldlib2->@Inject::ldlib2$onCreateShader(Lnet/minecraft/server/packs/resources/ResourceProvider;Lnet/minecraft/resources/ResourceLocation;Lcom/mojang/blaze3d/vertex/VertexFormat;Lorg/spongepowered/asm/mixin/injection/callback/CallbackInfo;)V has 0 override(s) in child classes
[19Jul2026 15:07:32.881] [modloading-worker-0/DEBUG] [mixin/]: ldlib2.mixins.json:shader.ShaderInstanceMixin from mod ldlib2->@Inject::ldlib2$onCreateShader(Lnet/minecraft/server/packs/resources/ResourceProvider;Lnet/minecraft/resources/ResourceLocation;Lcom/mojang/blaze3d/vertex/VertexFormat;Lorg/spongepowered/asm/mixin/injection/callback/CallbackInfo;)V won't be passed a CallbackInfo as a result
[19Jul2026 15:07:32.881] [modloading-worker-0/DEBUG] [mixin/]: ldlib2.mixins.json:shader.ShaderInstanceMixin from mod ldlib2->@Inject::ldlib2$getOrCreate(Lnet/minecraft/server/packs/resources/ResourceProvider;Lcom/mojang/blaze3d/shaders/Program$Type;Ljava/lang/String;Lorg/spongepowered/asm/mixin/injection/callback/CallbackInfoReturnable;)V does use it's CallbackInfoReturnable
[19Jul2026 15:07:32.886] [modloading-worker-0/DEBUG] [net.neoforged.fml.javafmlmod.AutomaticEventSubscriber/]: Subscribing @EventBusSubscriber class Lnet/neoforged/neoforge/client/ClientHooks$ClientEvents; to the mod event bus of mod neoforge
[19Jul2026 15:07:32.888] [modloading-worker-0/DEBUG] [net.neoforged.fml.javafmlmod.AutomaticEventSubscriber/LOADING]: Scanning class net.neoforged.neoforge.client.BlockEntityRenderBoundsDebugRenderer for @SubscribeEvent-annotated methods
[19Jul2026 15:07:32.889] [modloading-worker-0/DEBUG] [net.neoforged.fml.javafmlmod.AutomaticEventSubscriber/]: Subscribing @EventBusSubscriber class Lnet/neoforged/neoforge/client/BlockEntityRenderBoundsDebugRenderer; to the game event bus
[19Jul2026 15:07:32.890] [modloading-worker-0/DEBUG] [net.neoforged.fml.javafmlmod.AutomaticEventSubscriber/LOADING]: Scanning class net.neoforged.neoforge.attachment.AttachmentSync for @SubscribeEvent-annotated methods
[19Jul2026 15:07:32.894] [modloading-worker-0/DEBUG] [net.neoforged.fml.javafmlmod.AutomaticEventSubscriber/]: Subscribing @EventBusSubscriber class Lnet/neoforged/neoforge/attachment/AttachmentSync; to the game event bus
[19Jul2026 15:07:32.895] [modloading-worker-0/DEBUG] [net.neoforged.fml.javafmlmod.AutomaticEventSubscriber/LOADING]: Scanning class net.neoforged.neoforge.attachment.AttachmentInternals for @SubscribeEvent-annotated methods
[19Jul2026 15:07:32.895] [modloading-worker-0/DEBUG] [net.neoforged.fml.javafmlmod.AutomaticEventSubscriber/]: Subscribing @EventBusSubscriber class Lnet/neoforged/neoforge/attachment/AttachmentInternals; to the game event bus
[19Jul2026 15:07:33.028] [modloading-worker-0/DEBUG] [net.neoforged.fml.javafmlmod.AutomaticEventSubscriber/LOADING]: Attempting to inject @EventBusSubscriber classes into the eventbus for ldlib2
[19Jul2026 15:07:33.028] [modloading-worker-0/DEBUG] [net.neoforged.fml.javafmlmod.AutomaticEventSubscriber/LOADING]: Scanning class com.lowdragmc.lowdraglib2.client.ClientEventListener for @SubscribeEvent-annotated methods
[19Jul2026 15:07:33.028] [modloading-worker-0/DEBUG] [net.neoforged.fml.javafmlmod.AutomaticEventSubscriber/LOADING]: Found mix of game bus and mod bus listeners in @EventBusSubscriber class Lcom/lowdragmc/lowdraglib2/client/ClientEventListener;, registering them separately
[19Jul2026 15:07:33.028] [modloading-worker-0/DEBUG] [net.neoforged.fml.javafmlmod.AutomaticEventSubscriber/LOADING]: Subscribing method public static void com.lowdragmc.lowdraglib2.client.ClientEventListener.onLoadBuiltinEditorResource(com.lowdragmc.lowdraglib2.editor.resource.EditorResourceEvent$LoadBuiltin) to the event bus of mod ldlib2
[19Jul2026 15:07:33.030] [modloading-worker-0/DEBUG] [net.neoforged.fml.javafmlmod.AutomaticEventSubscriber/LOADING]: Subscribing method public static void com.lowdragmc.lowdraglib2.client.ClientEventListener.onRegisterClientCommands(net.neoforged.neoforge.client.event.ScreenEvent$Init$Pre) to the game event bus
[19Jul2026 15:07:33.030] [modloading-worker-0/DEBUG] [net.neoforged.fml.javafmlmod.AutomaticEventSubscriber/LOADING]: Subscribing method public static void com.lowdragmc.lowdraglib2.client.ClientEventListener.onRegisterClientCommands(net.neoforged.neoforge.client.event.RegisterClientCommandsEvent) to the game event bus
[19Jul2026 15:07:33.030] [modloading-worker-0/DEBUG] [net.neoforged.fml.javafmlmod.AutomaticEventSubscriber/LOADING]: Scanning class com.lowdragmc.lowdraglib2.CommonListeners for @SubscribeEvent-annotated methods
[19Jul2026 15:07:33.031] [modloading-worker-0/DEBUG] [net.neoforged.fml.javafmlmod.AutomaticEventSubscriber/]: Subscribing @EventBusSubscriber class Lcom/lowdragmc/lowdraglib2/CommonListeners; to the game event bus
[19Jul2026 15:07:33.044] [modloading-worker-0/DEBUG] [net.neoforged.fml.config.ConfigTracker/CONFIG]: Config file adminsfactions-common.toml for adminsfactions tracking
[19Jul2026 15:07:33.045] [modloading-worker-0/DEBUG] [net.neoforged.fml.javafmlmod.AutomaticEventSubscriber/LOADING]: Attempting to inject @EventBusSubscriber classes into the eventbus for adminsfactions
[19Jul2026 15:07:33.045] [modloading-worker-0/DEBUG] [net.neoforged.fml.javafmlmod.AutomaticEventSubscriber/LOADING]: Scanning class com.admin82.factions.AdminsFactionsClient for @SubscribeEvent-annotated methods
[19Jul2026 15:07:33.045] [modloading-worker-0/DEBUG] [net.neoforged.fml.javafmlmod.AutomaticEventSubscriber/]: Subscribing @EventBusSubscriber class Lcom/admin82/factions/AdminsFactionsClient; to the mod event bus of mod adminsfactions
[19Jul2026 15:07:33.046] [modloading-worker-0/DEBUG] [net.neoforged.fml.javafmlmod.AutomaticEventSubscriber/LOADING]: Scanning class com.admin82.factions.FactionCombatEvents for @SubscribeEvent-annotated methods
[19Jul2026 15:07:33.046] [modloading-worker-0/DEBUG] [net.neoforged.fml.javafmlmod.AutomaticEventSubscriber/]: Subscribing @EventBusSubscriber class Lcom/admin82/factions/FactionCombatEvents; to the game event bus
[19Jul2026 15:07:33.046] [modloading-worker-0/DEBUG] [net.neoforged.fml.javafmlmod.AutomaticEventSubscriber/LOADING]: Scanning class com.admin82.factions.FactionCommands for @SubscribeEvent-annotated methods
[19Jul2026 15:07:33.051] [modloading-worker-0/DEBUG] [net.neoforged.fml.javafmlmod.AutomaticEventSubscriber/]: Subscribing @EventBusSubscriber class Lcom/admin82/factions/FactionCommands; to the game event bus
[19Jul2026 15:07:33.052] [modloading-worker-0/DEBUG] [net.neoforged.fml.javafmlmod.AutomaticEventSubscriber/LOADING]: Scanning class com.admin82.factions.FactionTableEvents for @SubscribeEvent-annotated methods
[19Jul2026 15:07:33.054] [modloading-worker-0/DEBUG] [net.neoforged.fml.javafmlmod.AutomaticEventSubscriber/]: Subscribing @EventBusSubscriber class Lcom/admin82/factions/FactionTableEvents; to the game event bus
[19Jul2026 15:07:33.055] [modloading-worker-0/DEBUG] [net.neoforged.fml.javafmlmod.AutomaticEventSubscriber/LOADING]: Scanning class com.admin82.factions.FactionUpkeepEvents for @SubscribeEvent-annotated methods
[19Jul2026 15:07:33.055] [modloading-worker-0/DEBUG] [net.neoforged.fml.javafmlmod.AutomaticEventSubscriber/]: Subscribing @EventBusSubscriber class Lcom/admin82/factions/FactionUpkeepEvents; to the game event bus
[19Jul2026 15:07:33.055] [modloading-worker-0/DEBUG] [net.neoforged.fml.javafmlmod.AutomaticEventSubscriber/LOADING]: Scanning class com.admin82.factions.FactionWarEvents for @SubscribeEvent-annotated methods
[19Jul2026 15:07:33.060] [modloading-worker-0/DEBUG] [net.neoforged.fml.javafmlmod.AutomaticEventSubscriber/]: Subscribing @EventBusSubscriber class Lcom/admin82/factions/FactionWarEvents; to the game event bus
[19Jul2026 15:07:33.060] [modloading-worker-0/DEBUG] [net.neoforged.fml.javafmlmod.AutomaticEventSubscriber/LOADING]: Scanning class com.admin82.factions.OutpostEvents for @SubscribeEvent-annotated methods
[19Jul2026 15:07:33.062] [modloading-worker-0/DEBUG] [net.neoforged.fml.javafmlmod.AutomaticEventSubscriber/]: Subscribing @EventBusSubscriber class Lcom/admin82/factions/OutpostEvents; to the game event bus
[19Jul2026 15:07:33.062] [modloading-worker-0/DEBUG] [net.neoforged.fml.javafmlmod.AutomaticEventSubscriber/LOADING]: Scanning class com.admin82.factions.screen.ResourceWarHudOverlay for @SubscribeEvent-annotated methods
[19Jul2026 15:07:33.064] [modloading-worker-0/DEBUG] [net.neoforged.fml.javafmlmod.AutomaticEventSubscriber/]: Subscribing @EventBusSubscriber class Lcom/admin82/factions/screen/ResourceWarHudOverlay; to the game event bus
[19Jul2026 15:07:33.064] [modloading-worker-0/DEBUG] [net.neoforged.fml.javafmlmod.AutomaticEventSubscriber/LOADING]: Scanning class com.admin82.factions.screen.WarHudOverlay for @SubscribeEvent-annotated methods
[19Jul2026 15:07:33.066] [modloading-worker-0/DEBUG] [net.neoforged.fml.javafmlmod.AutomaticEventSubscriber/]: Subscribing @EventBusSubscriber class Lcom/admin82/factions/screen/WarHudOverlay; to the game event bus
[19Jul2026 15:07:33.163] [modloading-sync-worker/DEBUG] [net.neoforged.fml.config.ConfigTracker/CONFIG]: Loading configs type CLIENT
[19Jul2026 15:07:33.171] [modloading-sync-worker/DEBUG] [net.neoforged.neoforge.common.NeoForgeConfig/FORGEMOD]: Loaded NeoForge config file neoforge-client.toml
[19Jul2026 15:07:33.172] [modloading-sync-worker/DEBUG] [net.neoforged.fml.config.ConfigTracker/CONFIG]: Loaded TOML config file C:\Users\delta\Documents\github\Admin82-s-Factions\run\config\neoforge-client.toml
[19Jul2026 15:07:33.175] [modloading-sync-worker/DEBUG] [net.neoforged.fml.config.ConfigTracker/CONFIG]: Watching TOML config file C:\Users\delta\Documents\github\Admin82-s-Factions\run\config\neoforge-client.toml for changes
[19Jul2026 15:07:33.175] [modloading-sync-worker/DEBUG] [net.neoforged.fml.config.ConfigTracker/CONFIG]: Loading configs type COMMON
[19Jul2026 15:07:33.175] [modloading-sync-worker/DEBUG] [net.neoforged.neoforge.common.NeoForgeConfig/FORGEMOD]: Loaded NeoForge config file neoforge-common.toml
[19Jul2026 15:07:33.175] [modloading-sync-worker/DEBUG] [net.neoforged.fml.config.ConfigTracker/CONFIG]: Loaded TOML config file C:\Users\delta\Documents\github\Admin82-s-Factions\run\config\neoforge-common.toml
[19Jul2026 15:07:33.175] [modloading-sync-worker/DEBUG] [net.neoforged.fml.config.ConfigTracker/CONFIG]: Watching TOML config file C:\Users\delta\Documents\github\Admin82-s-Factions\run\config\neoforge-common.toml for changes
[19Jul2026 15:07:33.176] [modloading-sync-worker/DEBUG] [net.neoforged.fml.config.ConfigTracker/CONFIG]: Loaded TOML config file C:\Users\delta\Documents\github\Admin82-s-Factions\run\config\adminsfactions-common.toml
[19Jul2026 15:07:33.176] [modloading-sync-worker/DEBUG] [net.neoforged.fml.config.ConfigTracker/CONFIG]: Watching TOML config file C:\Users\delta\Documents\github\Admin82-s-Factions\run\config\adminsfactions-common.toml for changes
[19Jul2026 15:07:33.260] [Render thread/DEBUG] [mixin/]: Mixing shader.GameRendererMixin from ldlib2.mixins.json into net.minecraft.client.renderer.GameRenderer
[19Jul2026 15:07:33.262] [Render thread/DEBUG] [mixin/]: ldlib2.mixins.json:shader.GameRendererMixin from mod ldlib2->@Inject::ldlib$reloadShaders(Lnet/minecraft/server/packs/resources/ResourceProvider;Lorg/spongepowered/asm/mixin/injection/callback/CallbackInfo;)V doesn't use it's CallbackInfo
[19Jul2026 15:07:33.276] [Render thread/DEBUG] [mixin/]: Mixing ItemRendererMixin from ldlib2.mixins.json into net.minecraft.client.renderer.entity.ItemRenderer
[19Jul2026 15:07:33.280] [Render thread/DEBUG] [mixin/]: ldlib2.mixins.json:ItemRendererMixin from mod ldlib2->@Inject::injectRenderItem(Lnet/minecraft/world/item/ItemStack;Lnet/minecraft/world/item/ItemDisplayContext;ZLcom/mojang/blaze3d/vertex/PoseStack;Lnet/minecraft/client/renderer/MultiBufferSource;IILnet/minecraft/client/resources/model/BakedModel;Lorg/spongepowered/asm/mixin/injection/callback/CallbackInfo;)V does use it's CallbackInfo
[19Jul2026 15:07:33.282] [Render thread/DEBUG] [mixin/]: Mixing ItemModelShaperMixin from ldlib2.mixins.json into net.minecraft.client.renderer.ItemModelShaper
[19Jul2026 15:07:33.282] [Render thread/DEBUG] [mixin/]: Renaming synthetic method lambda$ldlib2$injectGetModel$0(Lcom/lowdragmc/lowdraglib2/client/renderer/IRenderer;Lnet/minecraft/world/item/ItemStack;Lcom/lowdragmc/lowdraglib2/client/renderer/IRenderer;)Lnet/minecraft/client/resources/model/BakedModel; to md4630b6$ldlib2$lambda$ldlib2$injectGetModel$0$0 in ldlib2.mixins.json:ItemModelShaperMixin from mod ldlib2
[19Jul2026 15:07:33.285] [Render thread/DEBUG] [mixin/]: ldlib2.mixins.json:ItemModelShaperMixin from mod ldlib2->@Inject::ldlib2$injectGetModel(Lnet/minecraft/world/item/ItemStack;Lorg/spongepowered/asm/mixin/injection/callback/CallbackInfoReturnable;)V does use it's CallbackInfoReturnable
[19Jul2026 15:07:33.288] [Render thread/DEBUG] [mixin/]: Mixing WorldRendererMixin from ldlib2.mixins.json into net.minecraft.client.renderer.LevelRenderer
[19Jul2026 15:07:33.290] [Render thread/DEBUG] [mixin/]: ldlib2.mixins.json:WorldRendererMixin from mod ldlib2->@Inject::ldlib2$getLightColor(Lnet/minecraft/world/level/BlockAndTintGetter;Lnet/minecraft/world/level/block/state/BlockState;Lnet/minecraft/core/BlockPos;Lorg/spongepowered/asm/mixin/injection/callback/CallbackInfoReturnable;)V does use it's CallbackInfoReturnable
[19Jul2026 15:07:33.318] [Render thread/DEBUG] [mixin/]: Mixing BlockModelShaperMixin from ldlib2.mixins.json into net.minecraft.client.renderer.block.BlockModelShaper
[19Jul2026 15:07:33.319] [Render thread/DEBUG] [mixin/]: ldlib2.mixins.json:BlockModelShaperMixin from mod ldlib2->@Inject::injectGetRenderer(Lnet/minecraft/world/level/block/state/BlockState;Lorg/spongepowered/asm/mixin/injection/callback/CallbackInfoReturnable;)V does use it's CallbackInfoReturnable
[19Jul2026 15:07:33.320] [Render thread/DEBUG] [mixin/]: Mixing BlockEntityRendererDispatcherMixin from ldlib2.mixins.json into net.minecraft.client.renderer.blockentity.BlockEntityRenderDispatcher
[19Jul2026 15:07:33.322] [Render thread/DEBUG] [mixin/]: ldlib2.mixins.json:BlockEntityRendererDispatcherMixin from mod ldlib2->@Inject::injectGetRenderer(Lnet/minecraft/world/level/block/entity/BlockEntity;Lorg/spongepowered/asm/mixin/injection/callback/CallbackInfoReturnable;)V does use it's CallbackInfoReturnable
[19Jul2026 15:07:33.323] [Render thread/DEBUG] [mixin/]: Mixing BlockRenderDispatcherMixin from ldlib2.mixins.json into net.minecraft.client.renderer.block.BlockRenderDispatcher
[19Jul2026 15:07:33.325] [Render thread/DEBUG] [mixin/]: ldlib2.mixins.json:BlockRenderDispatcherMixin from mod ldlib2->@Inject::ldlib2$renderBreakingTexture(Lnet/minecraft/world/level/block/state/BlockState;Lnet/minecraft/core/BlockPos;Lnet/minecraft/world/level/BlockAndTintGetter;Lcom/mojang/blaze3d/vertex/PoseStack;Lcom/mojang/blaze3d/vertex/VertexConsumer;Lnet/neoforged/neoforge/client/model/data/ModelData;Lorg/spongepowered/asm/mixin/injection/callback/CallbackInfo;)V does use it's CallbackInfo
[19Jul2026 15:07:33.335] [Render thread/DEBUG] [mixin/]: Mixing ModelBakeryMixin from ldlib2.mixins.json into net.minecraft.client.resources.model.ModelBakery
[19Jul2026 15:07:33.337] [Render thread/DEBUG] [mixin/]: Mixing accessor.ModelBakeryAccessor from ldlib2.mixins.json into net.minecraft.client.resources.model.ModelBakery
[19Jul2026 15:07:33.373] [Render thread/DEBUG] [mixin/]: Mixing ParticleEngineAccessor from ldlib2.mixins.json into net.minecraft.client.particle.ParticleEngine
[19Jul2026 15:07:33.373] [Render thread/DEBUG] [mixin/]: Mixing ParticleEngineMixin from ldlib2.mixins.json into net.minecraft.client.particle.ParticleEngine
[19Jul2026 15:07:33.373] [Render thread/DEBUG] [mixin/]: Renaming synthetic method lambda$injectTick$0(Ljava/util/Map$Entry;)Z to md4630b6$ldlib2$lambda$injectTick$0$0 in ldlib2.mixins.json:ParticleEngineMixin from mod ldlib2
[19Jul2026 15:07:33.375] [Render thread/DEBUG] [mixin/]: ldlib2.mixins.json:ParticleEngineMixin from mod ldlib2->@Inject::injectTick(Lorg/spongepowered/asm/mixin/injection/callback/CallbackInfo;)V doesn't use it's CallbackInfo
[19Jul2026 15:07:33.375] [Render thread/DEBUG] [mixin/]: ldlib2.mixins.json:ParticleEngineMixin from mod ldlib2->@Inject::injectTick(Lorg/spongepowered/asm/mixin/injection/callback/CallbackInfo;)V has 0 override(s) in child classes
[19Jul2026 15:07:33.375] [Render thread/DEBUG] [mixin/]: ldlib2.mixins.json:ParticleEngineMixin from mod ldlib2->@Inject::injectTick(Lorg/spongepowered/asm/mixin/injection/callback/CallbackInfo;)V won't be passed a CallbackInfo as a result
[19Jul2026 15:07:33.430] [Render thread/DEBUG] [mixin/]: Mixing accessor.BufferBuilderAccessor from ldlib2.mixins.json into com.mojang.blaze3d.vertex.BufferBuilder
[19Jul2026 15:07:33.436] [Render thread/DEBUG] [mixin/]: Mixing accessor.MeshDataAccessor from ldlib2.mixins.json into com.mojang.blaze3d.vertex.MeshData
[19Jul2026 15:07:33.470] [Render thread/INFO] [net.neoforged.neoforge.gametest.GameTestHooks/]: Enabled Gametest Namespaces: [adminsfactions]
[19Jul2026 15:07:33.536] [Render thread/DEBUG] [mixin/]: Mixing accessor.ProgramTypeAccessor from ldlib2.mixins.json into com.mojang.blaze3d.shaders.Program$Type
[19Jul2026 15:07:33.536] [Render thread/DEBUG] [mixin/]: Renaming @Invoker method ldlib2$createProgramType(Ljava/lang/String;ILjava/lang/String;Ljava/lang/String;I)Lcom/mojang/blaze3d/shaders/Program$Type; to createProgramType$ldlib2_$md$4630b6$0 in ldlib2.mixins.json:accessor.ProgramTypeAccessor from mod ldlib2
[19Jul2026 15:07:33.536] [Render thread/DEBUG] [mixin/]: Mixing shader.ProgramTypeMixin from ldlib2.mixins.json into com.mojang.blaze3d.shaders.Program$Type
[19Jul2026 15:07:33.540] [Render thread/DEBUG] [mixin/]: Mixing shader.ProgramMixin from ldlib2.mixins.json into com.mojang.blaze3d.shaders.Program
[19Jul2026 15:07:33.552] [Render thread/DEBUG] [mixin/]: Mixing shader.ProgramManagerMixin from ldlib2.mixins.json into com.mojang.blaze3d.shaders.ProgramManager
[19Jul2026 15:07:33.553] [Render thread/DEBUG] [mixin/]: ldlib2.mixins.json:shader.ProgramManagerMixin from mod ldlib2->@Inject::ldlib$releaseGeometry(Lcom/mojang/blaze3d/shaders/Shader;Lorg/spongepowered/asm/mixin/injection/callback/CallbackInfo;)V doesn't use it's CallbackInfo
[19Jul2026 15:07:33.588] [Render thread/INFO] [net.minecraft.server.packs.resources.ReloadableResourceManager/]: Reloading ResourceManager: vanilla, mod_resources, mod/ldlib2, mod/adminsfactions, mod/neoforge, ldlib2
[19Jul2026 15:07:33.595] [Worker-Main-1/INFO] [com.admin82.factions.AdminsFactions/]: Admin's Factions — common setup complete.
[19Jul2026 15:07:33.642] [Worker-Main-5/DEBUG] [mixin/]: Mixing BlockStateModelLoaderMixin from ldlib2.mixins.json into net.minecraft.client.resources.model.BlockStateModelLoader
[19Jul2026 15:07:33.655] [Worker-Main-4/DEBUG] [mixin/]: Mixing SpriteSourceListMixin from ldlib2.mixins.json into net.minecraft.client.renderer.texture.atlas.SpriteSourceList
[19Jul2026 15:07:33.655] [Worker-Main-4/DEBUG] [mixin/]: Renaming synthetic method lambda$ldlib2$injectLoad$0(Ljava/lang/String;Ljava/lang/Object;)Ljava/lang/String; to md4630b6$ldlib2$lambda$ldlib2$injectLoad$0$0 in ldlib2.mixins.json:SpriteSourceListMixin from mod ldlib2
[19Jul2026 15:07:33.663] [Worker-Main-4/DEBUG] [mixin/]: ldlib2.mixins.json:SpriteSourceListMixin from mod ldlib2->@Inject::ldlib2$injectLoad(Lnet/minecraft/server/packs/resources/ResourceManager;Lnet/minecraft/resources/ResourceLocation;Lorg/spongepowered/asm/mixin/injection/callback/CallbackInfoReturnable;)V doesn't use it's CallbackInfoReturnable
[19Jul2026 15:07:33.664] [Worker-Main-7/ERROR] [net.minecraft.Util/]: Invalid path in pack: adminsfactions:models/block/CurrencyExchange.json, ignoring
[19Jul2026 15:07:33.664] [Worker-Main-7/ERROR] [net.minecraft.Util/]: Invalid path in pack: adminsfactions:models/block/Faction block.json, ignoring
[19Jul2026 15:07:33.700] [Render thread/DEBUG] [net.neoforged.fml.DeferredWorkQueue/LOADING]: Dispatching synchronous work for work queue Common setup: 1 jobs
[19Jul2026 15:07:33.705] [Render thread/DEBUG] [net.neoforged.fml.DeferredWorkQueue/LOADING]: Synchronous work queue completed in 3.727 ms
[19Jul2026 15:07:33.712] [Worker-Main-11/INFO] [net.minecraft.client.gui.font.providers.UnihexProvider/]: Found unifont_all_no_pua-15.1.05.hex, loading
[19Jul2026 15:07:33.766] [Worker-Main-12/INFO] [net.minecraft.client.gui.font.providers.UnihexProvider/]: Found unifont_jp_patch-15.1.05.hex, loading
[19Jul2026 15:07:33.765] [Worker-Main-5/INFO] [com.admin82.factions.AdminsFactions/]: Admin's Factions — client setup complete.
[19Jul2026 15:07:33.775] [Render thread/DEBUG] [net.neoforged.fml.DeferredWorkQueue/LOADING]: Dispatching synchronous work for work queue Sided setup: 1 jobs
[19Jul2026 15:07:33.780] [Render thread/DEBUG] [LowDragLib2/]: load shader FRAGMENT resource ldlib2:image success
[19Jul2026 15:07:33.781] [Render thread/DEBUG] [LowDragLib2/]: load shader VERTEX resource ldlib2:image success
[19Jul2026 15:07:33.782] [Render thread/DEBUG] [LowDragLib2/]: load shader VERTEX resource ldlib2:gui_image success
[19Jul2026 15:07:33.783] [Render thread/DEBUG] [LowDragLib2/]: load shader VERTEX resource ldlib2:screen success
[19Jul2026 15:07:33.784] [Render thread/DEBUG] [LowDragLib2/]: load shader FRAGMENT resource ldlib2:round success
[19Jul2026 15:07:33.784] [Render thread/DEBUG] [LowDragLib2/]: load shader FRAGMENT resource ldlib2:panel_bg success
[19Jul2026 15:07:33.791] [Render thread/DEBUG] [LowDragLib2/]: load shader FRAGMENT resource ldlib2:round_box success
[19Jul2026 15:07:33.793] [Render thread/DEBUG] [LowDragLib2/]: load shader FRAGMENT resource ldlib2:progress_round_box success
[19Jul2026 15:07:33.794] [Render thread/DEBUG] [LowDragLib2/]: load shader FRAGMENT resource ldlib2:frame_round_box success
[19Jul2026 15:07:33.795] [Render thread/DEBUG] [LowDragLib2/]: load shader FRAGMENT resource ldlib2:round_line success
[19Jul2026 15:07:33.795] [Render thread/DEBUG] [net.neoforged.fml.DeferredWorkQueue/LOADING]: Synchronous work queue completed in 20.25 ms
[19Jul2026 15:07:34.132] [Worker-Main-10/ERROR] [net.minecraft.Util/]: Invalid path in pack: adminsfactions:models/block/CurrencyExchange.json, ignoring
[19Jul2026 15:07:34.133] [Worker-Main-10/ERROR] [net.minecraft.Util/]: Invalid path in pack: adminsfactions:models/block/Faction block.json, ignoring
[19Jul2026 15:07:35.239] [Render thread/WARN] [net.minecraft.client.sounds.SoundEngine/]: Missing sound for event: minecraft:item.goat_horn.play
[19Jul2026 15:07:35.239] [Render thread/WARN] [net.minecraft.client.sounds.SoundEngine/]: Missing sound for event: minecraft:entity.goat.screaming.horn_break
[19Jul2026 15:07:35.277] [Render thread/INFO] [com.mojang.blaze3d.audio.Library/]: OpenAL initialized on device OpenAL Soft on Speakers (fifine Microphone)
[19Jul2026 15:07:35.278] [Render thread/INFO] [net.minecraft.client.sounds.SoundEngine/SOUNDS]: Sound engine started
[19Jul2026 15:07:35.382] [Render thread/INFO] [net.minecraft.client.renderer.texture.TextureAtlas/]: Created: 2048x2048x4 minecraft:textures/atlas/blocks.png-atlas
[19Jul2026 15:07:35.390] [Render thread/INFO] [net.minecraft.client.renderer.texture.TextureAtlas/]: Created: 256x256x4 minecraft:textures/atlas/signs.png-atlas
[19Jul2026 15:07:35.390] [Render thread/INFO] [net.minecraft.client.renderer.texture.TextureAtlas/]: Created: 512x512x4 minecraft:textures/atlas/shield_patterns.png-atlas
[19Jul2026 15:07:35.392] [Render thread/INFO] [net.minecraft.client.renderer.texture.TextureAtlas/]: Created: 512x512x4 minecraft:textures/atlas/banner_patterns.png-atlas
[19Jul2026 15:07:35.393] [Render thread/INFO] [net.minecraft.client.renderer.texture.TextureAtlas/]: Created: 1024x1024x4 minecraft:textures/atlas/armor_trims.png-atlas
[19Jul2026 15:07:35.397] [Render thread/INFO] [net.minecraft.client.renderer.texture.TextureAtlas/]: Created: 128x64x4 minecraft:textures/atlas/decorated_pot.png-atlas
[19Jul2026 15:07:35.397] [Render thread/INFO] [net.minecraft.client.renderer.texture.TextureAtlas/]: Created: 256x256x4 minecraft:textures/atlas/chest.png-atlas
[19Jul2026 15:07:35.397] [Render thread/INFO] [net.minecraft.client.renderer.texture.TextureAtlas/]: Created: 512x256x4 minecraft:textures/atlas/shulker_boxes.png-atlas
[19Jul2026 15:07:35.397] [Render thread/INFO] [net.minecraft.client.renderer.texture.TextureAtlas/]: Created: 512x256x4 minecraft:textures/atlas/beds.png-atlas
[19Jul2026 15:07:35.492] [Render thread/INFO] [net.minecraft.client.renderer.texture.TextureAtlas/]: Created: 512x256x0 minecraft:textures/atlas/particles.png-atlas
[19Jul2026 15:07:35.493] [Render thread/INFO] [net.minecraft.client.renderer.texture.TextureAtlas/]: Created: 512x256x0 minecraft:textures/atlas/paintings.png-atlas
[19Jul2026 15:07:35.493] [Render thread/INFO] [net.minecraft.client.renderer.texture.TextureAtlas/]: Created: 256x128x0 minecraft:textures/atlas/mob_effects.png-atlas
[19Jul2026 15:07:35.493] [Render thread/INFO] [net.minecraft.client.renderer.texture.TextureAtlas/]: Created: 64x64x0 minecraft:textures/atlas/map_decorations.png-atlas
[19Jul2026 15:07:35.493] [Render thread/INFO] [net.minecraft.client.renderer.texture.TextureAtlas/]: Created: 1024x512x0 minecraft:textures/atlas/gui.png-atlas
[19Jul2026 15:07:35.513] [Render thread/WARN] [net.minecraft.client.renderer.ShaderInstance/]: Shader rendertype_entity_translucent_emissive could not find sampler named Sampler2 in the specified shader program.
[19Jul2026 15:07:35.552] [Render thread/WARN] [net.minecraft.client.renderer.ShaderInstance/]: Shader ldlib2:graph_wire could not find uniform named iTime in the specified shader program.
[19Jul2026 15:07:35.573] [Render thread/INFO] [net.neoforged.neoforge.client.entity.animation.json.AnimationLoader/]: Loaded 0 entity animations
[19Jul2026 15:07:48.375] [Render thread/DEBUG] [net.neoforged.neoforge.network.DualStackUtils/]: Detected IPv6 address: "0:0:0:0:0:0:0:0"
[19Jul2026 15:07:48.702] [LanServerDetector #1/DEBUG] [net.neoforged.neoforge.network.DualStackUtils/]: Detected IPv6 address: "fdfd:0:0:0:0:0:1a34:1d42"
[19Jul2026 15:07:50.203] [LanServerDetector #1/DEBUG] [net.neoforged.neoforge.network.DualStackUtils/]: Detected IPv6 address: "fdfd:0:0:0:0:0:1a34:1d42"
[19Jul2026 15:07:51.704] [LanServerDetector #1/DEBUG] [net.neoforged.neoforge.network.DualStackUtils/]: Detected IPv6 address: "fdfd:0:0:0:0:0:1a34:1d42"
[19Jul2026 15:07:53.206] [LanServerDetector #1/DEBUG] [net.neoforged.neoforge.network.DualStackUtils/]: Detected IPv6 address: "fdfd:0:0:0:0:0:1a34:1d42"
[19Jul2026 15:07:53.823] [Render thread/INFO] [net.minecraft.client.gui.screens.ConnectScreen/]: Connecting to fdfd::1a34:1d42, 25565
[19Jul2026 15:07:54.707] [LanServerDetector #1/DEBUG] [net.neoforged.neoforge.network.DualStackUtils/]: Detected IPv6 address: "fdfd:0:0:0:0:0:1a34:1d42"
[19Jul2026 15:07:55.853] [Server Connector #1/DEBUG] [net.neoforged.neoforge.network.DualStackUtils/]: Detected IPv6 address: "fdfd:0:0:0:0:0:1a34:1d42"
[19Jul2026 15:07:55.858] [Server Connector #1/DEBUG] [io.netty.channel.MultithreadEventLoopGroup/]: -Dio.netty.eventLoopThreads: 32
[19Jul2026 15:07:55.862] [Server Connector #1/DEBUG] [io.netty.util.concurrent.GlobalEventExecutor/]: -Dio.netty.globalEventExecutor.quietPeriodSeconds: 1
[19Jul2026 15:07:55.864] [Server Connector #1/DEBUG] [io.netty.channel.nio.NioEventLoop/]: -Dio.netty.noKeySetOptimization: false
[19Jul2026 15:07:55.864] [Server Connector #1/DEBUG] [io.netty.channel.nio.NioEventLoop/]: -Dio.netty.selectorAutoRebuildThreshold: 512
[19Jul2026 15:07:55.867] [Server Connector #1/DEBUG] [io.netty.util.internal.PlatformDependent/]: org.jctools-core.MpscChunkedArrayQueue: available
[19Jul2026 15:07:55.890] [Server Connector #1/DEBUG] [io.netty.channel.DefaultChannelId/]: -Dio.netty.processId: 29584 (auto-detected)
[19Jul2026 15:07:55.891] [Server Connector #1/DEBUG] [io.netty.util.NetUtil/]: -Djava.net.preferIPv4Stack: false
[19Jul2026 15:07:55.891] [Server Connector #1/DEBUG] [io.netty.util.NetUtil/]: -Djava.net.preferIPv6Addresses: true
[19Jul2026 15:07:55.893] [Server Connector #1/DEBUG] [io.netty.util.NetUtilInitializations/]: Loopback interface: loopback_0 (Software Loopback Interface 1, 0:0:0:0:0:0:0:1)
[19Jul2026 15:07:55.893] [Server Connector #1/DEBUG] [io.netty.util.NetUtil/]: Failed to get SOMAXCONN from sysctl and file \proc\sys\net\core\somaxconn. Default: 200
[19Jul2026 15:07:55.894] [Server Connector #1/DEBUG] [io.netty.channel.DefaultChannelId/]: -Dio.netty.machineId: a0:ad:9f:ff:fe:89:b7:f1 (auto-detected)
[19Jul2026 15:07:55.914] [Server Connector #1/DEBUG] [io.netty.util.Recycler/]: -Dio.netty.recycler.maxCapacityPerThread: 4096
[19Jul2026 15:07:55.914] [Server Connector #1/DEBUG] [io.netty.util.Recycler/]: -Dio.netty.recycler.ratio: 8
[19Jul2026 15:07:55.914] [Server Connector #1/DEBUG] [io.netty.util.Recycler/]: -Dio.netty.recycler.chunkSize: 32
[19Jul2026 15:07:55.914] [Server Connector #1/DEBUG] [io.netty.util.Recycler/]: -Dio.netty.recycler.blocking: false
[19Jul2026 15:07:55.914] [Server Connector #1/DEBUG] [io.netty.util.Recycler/]: -Dio.netty.recycler.batchFastThreadLocalOnly: true
[19Jul2026 15:07:55.992] [Netty Client IO #0/DEBUG] [net.neoforged.neoforge.network.filters.NetworkFilters/]: Injected net.neoforged.neoforge.network.filters.GenericPacketSplitter@4d062966 into net.minecraft.network.Connection@2742367e
[19Jul2026 15:07:56.054] [Render thread/DEBUG] [net.neoforged.neoforge.common.NeoForgeConfig/FORGEMOD]: NeoForge config just got changed on the file system!
[19Jul2026 15:07:56.952] [Render thread/INFO] [net.minecraft.advancements.AdvancementTree/]: Loaded 95 advancements
[19Jul2026 15:07:57.830] [Render thread/INFO] [net.minecraft.client.gui.components.ChatComponent/]: [System] [CHAT] Player2 joined the game
[19Jul2026 15:08:12.312] [Render thread/INFO] [net.minecraft.client.gui.components.ChatComponent/]: [System] [CHAT] Faction return cooldown set to 30s.
[19Jul2026 15:08:15.309] [Render thread/INFO] [net.minecraft.client.gui.components.ChatComponent/]: [System] [CHAT] ✔ Teleported to life Barracks!
[19Jul2026 15:08:16.055] [Render thread/INFO] [net.minecraft.client.gui.components.ChatComponent/]: [System] [CHAT] You can use /factionreturn again in 30s.
[19Jul2026 15:08:17.894] [Render thread/INFO] [net.minecraft.client.gui.components.ChatComponent/]: [System] [CHAT] Unknown or incomplete command, see below for error
[19Jul2026 15:08:17.895] [Render thread/INFO] [net.minecraft.client.gui.components.ChatComponent/]: [System] [CHAT] <--[HERE]
[19Jul2026 15:08:19.781] [Render thread/INFO] [net.minecraft.client.gui.components.ChatComponent/]: [System] [CHAT] You can use /factionreturn again in 26s.
[19Jul2026 15:08:20.656] [Render thread/INFO] [net.minecraft.client.gui.components.ChatComponent/]: [System] [CHAT] You can use /factionreturn again in 25s.
[19Jul2026 15:08:21.353] [Render thread/INFO] [net.minecraft.client.gui.components.ChatComponent/]: [System] [CHAT] You can use /factionreturn again in 24s.
[19Jul2026 15:08:21.931] [Render thread/INFO] [net.minecraft.client.gui.components.ChatComponent/]: [System] [CHAT] You can use /factionreturn again in 24s.
[19Jul2026 15:10:17.405] [Render thread/INFO] [net.minecraft.client.gui.components.ChatComponent/]: [System] [CHAT] Player2 left the game
[19Jul2026 15:10:20.239] [Render thread/INFO] [net.minecraft.client.Minecraft/]: Stopping!
[19Jul2026 15:10:20.291] [LanServerDetector #2/DEBUG] [net.neoforged.neoforge.network.DualStackUtils/]: Detected IPv6 address: "fdfd:0:0:0:0:0:1a34:1d42"
